driverId,name,ssn,location,certified,wage-plan
10,Ryan Garrett,446-65-7383,"38230 Sherry Turnpike Apt. 042
Elizabethview, CO 73564",Y,miles
11,Brenda Sanchez,276-06-5314,"7852 Faith Mission
Huntermouth, WV 04974",Y,miles
12,Oscar Stanley,239-35-4384,"Unit 1002 Box 1652
DPO AP 96085",N,miles
13,Sarah Aguilar,842-13-7132,"552 Megan Tunnel
Jefferyhaven, MD 15832",Y,hours
14,Allison Wright,729-94-3402,"10914 Ibarra Village
Lucasshire, VT 59776",Y,miles
15,Manuel Morgan,651-37-3384,"049 Juan Hollow Suite 837
New Victorshire, MH 69999",Y,miles
16,Edward Spears,887-75-9285,"9849 Smith Valley
Port Charles, ID 54857",N,hours
17,Crystal Stevens,181-81-8351,"PSC 6195, Box 4241
APO AA 78060",Y,hours
18,Matthew Ewing,440-16-6688,"35248 Lin Haven Apt. 245
Elizabethside, MT 98182",N,hours
19,Patricia Rodriguez,493-08-6796,"5087 Graves Avenue Apt. 980
Port Derrickchester, AS 62979",N,hours
20,Nicole King,633-35-2953,"1478 Gloria Creek Suite 237
East Jennifer, ND 13790",Y,miles
21,Julian Page,028-27-8274,"74521 Bishop Trail Suite 968
North Paulmouth, PA 07319",N,miles
22,Brandon Simpson,687-63-1304,"3657 Tim Square Suite 572
Katherineberg, GU 91751",N,hours
23,Mrs. Kimberly Fleming DDS,693-93-2738,"671 Webb Harbors
Yorkfort, GA 20013",Y,miles
24,Sarah Morris,706-23-7171,"23230 Lynn Underpass Suite 677
Kylechester, KS 58329",Y,miles
25,Elizabeth Fernandez,176-24-0589,"389 Lopez Place
Toddport, MI 42185",Y,miles
26,Joseph Campbell,160-52-6289,"343 Holland Grove
Evansberg, AR 52861",Y,miles
27,Luis Brown,373-32-8708,"01496 Donna Avenue
Mayomouth, MI 21383",Y,miles
28,Matthew Clark,210-17-3802,"0746 Keith Pass
Lake Juliemouth, LA 20897",N,hours
29,Richard Dunn,385-96-4322,"1866 Bryan Crest Apt. 602
West Mark, RI 59813",N,hours
30,Christopher Allen,733-55-2746,"50012 Ricardo Avenue
South Sarahport, NM 63970",N,hours
31,Jane Bray,022-94-8204,"697 Young Drive
Lake Stephanietown, IL 41593",N,miles
32,Lauren Vega,459-41-7032,"64856 Tina Keys
Lake Erinhaven, VT 03784",N,hours
33,Lisa Hughes,200-59-0680,"7737 Moore Highway Apt. 759
Andrewfort, VA 76247",Y,hours
34,Melissa Miller,076-74-7402,"35354 Cook Spurs
Charlesburgh, MS 78833",N,miles
35,Lisa Contreras,415-89-2313,"632 Henderson Hill Suite 306
Stephanieside, AZ 57503",Y,miles
36,Timothy Peterson,283-84-8149,"Unit 9398 Box 2794
DPO AE 99434",N,miles
37,Andrew Andersen,745-53-7628,"4722 Kyle Ranch Suite 275
Lake Andreaborough, VA 78498",Y,miles
38,Lucas Douglas,162-06-4219,"65971 Hall Pines
East Stephanie, WV 63497",Y,hours
39,Katrina Lewis,086-05-3749,"960 May Hills Suite 596
Lake Kristina, ND 18981",N,miles
40,Mr. Louis Brennan,648-99-6415,"USCGC Jackson
FPO AA 07485",N,miles
41,Sarah Mccoy,202-38-5398,"6619 Farmer Circle Suite 647
Teresamouth, PA 38905",Y,hours
42,Angela Martin,564-84-0725,"16076 Barnes Union
Lake Samuelmouth, MD 42139",Y,miles
43,Kenneth Lawson,553-62-0433,"5197 Karen Squares
Leeview, CA 52254",N,miles
44,Barbara Caldwell,127-73-6154,"442 Hendrix Haven
Erinhaven, WA 18911",Y,hours
45,Jennifer Martinez,790-32-0967,"32391 Pena Squares
Forbeshaven, MO 71339",N,miles
46,Julie Rangel,433-24-9300,"1974 Zachary Cliff
North Brianchester, NY 56077",N,hours
47,Amy Mendez,760-67-7629,"675 Anderson Loaf Suite 904
Adamsfurt, MO 98161",Y,hours
48,Megan Blanchard,898-38-9204,"1165 Ramirez Village
South Caroline, OR 54728",N,miles
49,Sally Hart,258-13-1329,"5433 Angela Mountains
East Williamtown, SC 01411",N,miles
50,Sarah Cuevas,247-84-2288,"930 Michael Union Apt. 335
Glassberg, NH 24258",Y,hours
51,Patrick Christensen,674-40-2902,"4847 Jennifer Estates
Waltersview, FM 28180",Y,hours
52,Lori Ruiz,398-59-4485,"4025 Kelsey Branch
West Michelle, AZ 57941",N,hours
53,Jane Walker,218-19-3118,"Unit 5619 Box 2430
DPO AA 55727",N,miles
54,Michelle Lawrence,490-95-4227,"5145 Lozano Summit Suite 362
East Meghan, TN 03452",Y,hours
55,Mark Williams,126-68-3297,"223 Jeremy Ridge
East Michaelville, IN 26291",N,miles
56,David Ward,373-56-5148,"8766 Stephanie Views
Smithborough, SD 62681",Y,miles
57,Charles Parker,062-80-5195,"94691 Brown Green
New Carlyville, NH 87331",Y,hours
58,Lisa Robinson,415-42-2555,"PSC 0480, Box 1709
APO AA 62893",Y,hours
59,Brian Benitez,477-94-7596,"Unit 6087 Box 8650
DPO AA 13410",N,hours
60,Jacob Livingston,749-78-2877,"53290 Goodman Ferry Apt. 196
North Jason, NC 24433",Y,hours
61,Ana Leonard,119-62-6742,"7907 Sarah Mews Suite 066
Brownside, NM 15204",Y,hours
62,Kathy Chambers,182-28-3572,"1414 Morgan Island Suite 128
Taraton, OK 84679",Y,hours
63,Russell Robinson,609-95-8823,"775 Dan Neck Suite 536
East Ambershire, WA 04330",Y,miles
64,Rebecca Brown,824-57-5514,"070 Young Passage
South Kenneth, AR 22952",N,hours
65,Christopher Long,493-46-4533,"47085 Butler Field Suite 485
North Heather, TX 33821",Y,miles
66,Dana Robinson,608-94-6693,"706 Atkinson Forest Apt. 715
Belindaville, MO 25635",N,hours
67,Russell Hill,023-91-2504,"PSC 7530, Box 2793
APO AP 18174",N,hours
68,Melissa Bryan,872-75-8848,"304 Oscar Place
Marissashire, KS 51258",N,hours
69,Kelly Thomas,715-36-4379,"79512 Williams Crossroad Suite 242
Oconnorchester, ME 67598",N,hours
70,David Moore,704-50-6830,"979 Laura Place Apt. 565
Shaneburgh, IL 26017",N,hours
71,David Stewart,484-72-9296,"02040 Mark Field
Sandrachester, GU 95045",N,miles
72,Kenneth Nichols,614-59-5680,"320 Harris Mission Apt. 121
New Jerome, MD 38527",Y,hours
73,Sean Rodriguez,260-62-3005,"31118 Melissa Row
Cherylmouth, NC 89550",Y,hours
74,Mario Anthony,051-79-2418,"684 Diane Fork
South Theresa, ID 62578",N,hours
75,Mark Phelps,771-98-7335,"11767 Rachael Corners
Christinemouth, KS 91422",N,hours
76,Kayla Schmitt,477-97-0023,"6574 Shelby Islands Suite 463
South Brian, HI 48911",N,miles
77,Thomas Walter,886-56-8311,"PSC 7795, Box 9311
APO AP 78765",Y,hours
78,Antonio Yates,348-05-5776,"03536 Kelly Hills Apt. 618
West Josephhaven, KS 93028",Y,hours
79,Alexandra Ayala,144-23-0898,"900 Walker Crest
Hallshire, WV 18983",N,miles
80,Jennifer Boyer,708-82-5277,"26003 Harper Station
North Christopher, MT 32493",N,hours
81,Courtney Potts,496-47-3497,"488 Gilbert Underpass Suite 784
West Staceyland, DE 10646",Y,hours
82,Donald Schmidt,510-46-1141,"2709 Ramirez Bypass
Vincentmouth, FM 79575",N,hours
83,Christopher Torres,775-77-3494,"696 Veronica Ford Suite 243
Port Jacqueline, CT 76784",N,hours
84,Leslie Green,362-73-0221,"31582 Trujillo Radial
Justinstad, NY 29582",Y,hours
85,Sarah Koch,010-24-0855,"56525 Mueller Lodge
Andersonborough, UT 19434",N,hours
86,Colin Lawson,754-83-1404,"981 Travis Streets Apt. 824
Lake Sarahshire, PR 60681",Y,hours
87,Jose Vazquez,829-74-9326,"5062 Nelson Dale
Zimmermanport, TN 93459",N,miles
88,Michael Wang,591-80-7925,"6938 Sarah Village
Anthonyview, IL 51116",N,miles
89,Michael Hayes,014-75-2143,"0393 Stephen Shoal
Brianmouth, KS 94559",N,hours
90,John Watson,634-69-2083,"092 Harris Flat
New Priscilla, OH 73035",Y,hours
91,Denise Miller,254-25-4832,"1513 Strickland Drive
New Felicia, KY 86485",Y,miles
92,Dan Jimenez,702-75-3499,"89888 Lopez Mission
Espinozabury, CA 27336",N,hours
93,Helen Smith,611-68-2863,"81569 Nathan Tunnel Suite 989
Nicholasmouth, MS 16548",Y,hours
94,Nicole Jackson,527-16-5035,"87211 Jamie Throughway Suite 727
Wiseview, MS 12563",Y,miles
95,Bradley Norton,632-30-3360,"341 Krista Divide
South Virginiastad, IN 33659",Y,miles
96,Matthew Wright,394-81-0474,"2487 Mcdaniel Port Suite 814
Toddport, MS 26711",N,miles
97,James Perez,024-95-8118,"19616 Arnold Corner Suite 438
Lake Danielleport, MO 26747",Y,hours
98,Kimberly Smith,598-46-3681,"2120 Jessica Expressway Suite 151
East Ashleyport, CT 38234",Y,hours
99,Wendy Hurst,114-65-6122,"5880 Hill Meadow Suite 821
Joneston, VA 14391",Y,miles
100,Brooke Cherry,765-56-5092,"PSC 4295, Box 3131
APO AP 12309",Y,miles
101,Alex Porter,359-68-4685,"236 Nielsen Station
East Latasha, WV 85673",Y,hours
102,Mr. Kevin Thomas,347-95-9491,"077 Kenneth Stravenue Suite 426
Gregoryfort, WY 43233",Y,hours
103,Ryan Myers,207-43-2724,"7160 Perry Creek Suite 066
Christinemouth, IA 60221",N,hours
104,Julian Oneal,287-38-8241,"33946 Nancy Ramp
Donnaburgh, AZ 32826",N,miles
105,Jessica Andrews,852-13-5723,"2824 Cheryl Shoal
Rossport, AL 96344",Y,miles
106,Ryan Robinson,251-19-0462,"86428 Miller Shores
Mendezmouth, IN 14637",N,miles
107,Tammy Holland,632-93-9085,"42498 Benjamin Rue
South Jasminetown, CT 81041",N,miles
108,Ms. Brianna Harmon,783-67-5728,"66028 Long Isle
Latoyaburgh, KS 17492",N,miles
109,Lisa Rodriguez,533-04-5233,"PSC 3430, Box 6694
APO AE 86237",Y,hours
110,Cynthia Dean,736-83-8167,"73221 David Stravenue
Olivialand, MO 27395",Y,miles
111,Ronald Chambers,828-90-4026,"7434 Carter Squares
Chapmanshire, ME 97563",N,miles
112,Bonnie Hunter,379-40-3387,"41490 Kelsey Knolls
Matthewstad, NE 67115",N,miles
113,Frederick Mccormick,440-73-6131,"8583 Kenneth Valleys
West Tracystad, ID 24317",Y,miles
114,Preston Holland,342-86-0767,"22752 Robert Valleys Suite 520
Jerryborough, NY 64541",N,hours
115,Kevin Ortega,451-99-2066,"5445 Lynch Inlet Apt. 304
West Ashleybury, CO 34054",Y,miles
116,Jerry Jones,510-93-7790,"Unit 8132 Box 9640
DPO AE 30094",N,hours
117,Nicole Miller,853-79-4702,"5617 Christine Burgs
Lake Ashleyshire, ND 83007",Y,hours
118,Teresa Curtis,143-06-0399,"6141 Johnson Brooks
Katherinefort, IL 36312",N,hours
119,George Singh,378-62-5121,"151 Robinson Mountain Apt. 786
South Shelleyburgh, AR 72578",Y,miles
120,Christopher Wright,677-59-3223,"895 Rose Loop Apt. 269
North Stephen, LA 96388",N,hours
121,Nathan Buck,630-22-2526,"689 Kyle Turnpike Suite 455
Harrychester, OK 27879",N,hours
122,Christopher Daniels,592-37-0055,"12952 Jonathan Extension Apt. 359
Jamesbury, NM 54361",N,hours
123,Rachael Wade,024-63-2912,"30024 Terry Canyon Suite 975
Rowefurt, PW 13735",N,hours
124,Nicole Adams,609-58-2565,"057 Smith Pine Apt. 345
North Leah, FM 21204",N,hours
125,Aaron Scott,146-59-6831,"65369 John Cape
North Natalietown, NJ 73399",Y,hours
126,Daniel Carson,559-07-2008,"40089 Stewart Fords
Briannaberg, GU 87545",N,miles
127,Ashley Orozco,468-44-4472,"4988 Austin Plaza Apt. 148
Port Kaylachester, NC 80297",Y,miles
128,Scott Williams,678-92-0791,"55436 Gray Stream
Lake Jackburgh, AL 45969",N,miles
129,Steven Brock,460-25-0823,"8483 Scott Rest
South Danielville, FM 89213",N,miles
130,Tracy Peters,035-92-7412,"USCGC Norman
FPO AE 18247",N,miles
131,Dr. Tiffany Patton,201-18-4290,"0252 Johnston Manor
New Brian, IL 60339",Y,hours
132,Jacob Levy,346-17-8293,"7243 Ferguson Corner
New Jake, AK 28094",N,hours
133,Cody Reynolds,789-19-0319,"8485 Perez Island Apt. 814
Acostamouth, MS 29728",N,miles
134,Michael Alvarez,387-26-4790,"794 Jones Hills
New Erinland, TN 35299",Y,miles
135,Richard Smith,017-06-7368,"6090 Ross Way Apt. 463
West Christine, MP 53533",N,miles
136,Mr. Paul Rodriguez,214-74-8152,"90855 Nelson Land Suite 106
Danielhaven, FL 45110",N,hours
137,Jason Taylor,325-54-7056,"1711 Paul Radial Suite 014
Stantonshire, AZ 70856",N,miles
138,Janice Noble,438-69-4801,"9828 Victoria Pines
Ericmouth, SC 01549",N,miles
139,Becky Wilkerson,175-92-2475,"PSC 0901, Box 4566
APO AP 47075",Y,miles
140,Dwayne Owens,474-59-7585,"Unit 3030 Box 6809
DPO AA 03549",Y,miles
141,Belinda Brown,821-82-0427,"54601 Jill Mountain Apt. 193
Lake Shannon, TX 80398",Y,miles
142,Victoria Whitaker,461-86-0981,"USS Mathews
FPO AA 51581",Y,hours
143,Michael Chen,458-02-8204,"6451 Wright Heights
North Brian, VT 23090",Y,miles
144,Michael Mitchell,789-59-9965,"13431 Maldonado Isle Apt. 564
Brownborough, KY 07221",N,miles
145,Krystal Mcdowell,549-68-6548,"5560 Laura Ways Suite 041
West Kimberlyberg, WI 11171",Y,hours
146,Donna Ho,515-88-8960,"397 Young Courts Suite 540
South Tracey, NH 43064",N,miles
147,Gregory Marquez DDS,888-35-7660,"8840 Glover Viaduct
Vincentshire, OH 46478",Y,hours
148,Ashley Johnson,157-14-6010,"14693 Silva Trail
East Jacquelinefort, ME 74281",Y,hours
149,Bradley Taylor,840-53-3574,"4446 Harrison Cliff
North Rebeccashire, DC 03536",N,hours
150,Lance Smith,625-23-6590,"210 Clark Rest Suite 699
Jessestad, KY 69723",Y,miles
151,Dakota Arnold DVM,124-78-0674,"39387 Weaver Estates Apt. 739
Lake Michael, ME 52585",N,hours
152,Cheryl Arias,011-82-6600,"845 Collins Locks
Nelsonburgh, MI 25554",N,hours
153,Kelly Garcia,850-69-8002,"0974 Maddox Extension Apt. 407
Cindybury, WI 02315",N,hours
154,Benjamin Weiss,879-65-3009,"7372 Hernandez Estate Apt. 053
Douglasmouth, DC 85582",N,miles
155,Rachel Wilson,240-09-9246,"2563 Young Ferry
Claytonport, NY 90865",N,miles
156,Sheri Lee,677-62-8328,"799 Mitchell Station Suite 352
Anitaburgh, GU 17995",Y,hours
157,Jeffrey Gibson MD,881-17-5856,"57996 Davis Bypass Apt. 837
North Carl, VI 83829",N,hours
158,Catherine Zimmerman,712-04-2144,"745 Hayes Union
Kimberlychester, CO 70937",Y,miles
159,Elizabeth Gaines,868-25-0037,"982 Stephen Ridges
Anthonyville, NJ 71894",Y,hours
160,Jessica Golden,497-26-8164,"PSC 6836, Box 1765
APO AP 43849",Y,miles
161,Kayla Long,289-49-1791,"30655 Mendez Throughway Suite 098
West Marymouth, PA 20374",Y,hours
162,Shelby Perez,001-33-1883,"187 Johnson Cape
Samuelberg, PR 73428",Y,miles
163,Debra Turner,256-21-0978,"80560 Amanda Station
Mooreburgh, MA 49699",Y,miles
164,Connor Payne,376-59-3227,"81540 Burton Flat Suite 761
Port Andrea, VA 39479",Y,miles
165,Nathan Patrick,832-29-5546,"154 Katherine Loop Suite 376
Wigginsside, MN 41373",Y,hours
166,Trevor Foster,705-23-6216,"546 Monique Club
Anthonyfort, MP 96827",Y,hours
167,Nathan Marshall,672-85-7387,"15337 Nathaniel Groves Suite 568
Maldonadochester, ID 78052",N,hours
168,Brent Martin,857-30-6146,"9730 Gonzalez Rue Suite 969
Lake Alexville, AR 37551",Y,miles
169,Charles Guzman,174-81-0246,"72917 Rojas Rapids Suite 588
Maciaschester, TN 78306",N,hours
170,Ashlee Mann,271-09-5943,"653 Emily Throughway
Andrewfort, DE 45335",Y,miles
171,Elizabeth Lawson,856-32-7708,"Unit 9803 Box 0639
DPO AA 55991",Y,hours
172,Michelle Brady,121-53-2146,"06950 Thomas Creek Suite 674
East Tylerfort, FL 04148",Y,miles
173,Nicole Hernandez,110-24-2282,"578 Wong Isle
Lisaport, MS 86079",Y,miles
174,Alice Warren,854-45-0172,"677 Ross Wall Suite 633
South Deniseborough, DC 81432",Y,hours
175,Greg Patel,206-47-9795,"585 April Island
Lake Davidland, AS 94734",N,hours
176,Megan Collins,855-14-7347,"52499 Murray Estates Suite 206
Gibsonview, PR 08463",N,hours
177,Lori Norris,542-06-4486,"7631 Casey Place Apt. 595
West Anthonymouth, NH 83021",Y,hours
178,Brandon Miller,139-30-7473,"05939 Melissa Loaf
Wellsborough, NC 05267",Y,miles
179,Kristen Smith,247-71-9289,"39342 Veronica Village
Andrewmouth, LA 88746",N,hours
180,Samantha Williams,744-24-6162,"14548 Anthony Cliff
Jonathanfort, HI 98358",N,miles
181,Kathy Stein,872-51-4082,"025 Sandra Cape Apt. 363
Cameronside, SC 38409",N,hours
182,Robert Hensley,184-80-9282,"44909 Michelle Walk Suite 800
Ruizbury, WA 26882",N,hours
183,Jennifer Davis,180-43-2777,"4857 Collins Rapid
North Anthonyshire, DC 27663",Y,hours
184,Alexis Todd,128-68-9042,"071 Karen Parkways Suite 838
Millermouth, SD 66378",Y,hours
185,Kendra Willis,786-36-5635,"329 Edward Curve
Fosterhaven, MD 67492",Y,hours
186,Caitlin Welch,429-10-1052,"75019 Smith Square
Michaelburgh, NY 43291",Y,hours
187,Caleb Higgins,571-67-9964,"359 Christian Coves
North Michael, NH 62467",N,hours
188,Brandon Lozano,487-72-3045,"336 Brown Way
Lake Jeffreyberg, GU 93142",Y,hours
189,Austin Freeman,615-19-4889,"8520 Judith Island Suite 844
Denisefurt, ME 44773",N,miles
190,Kristen Cooper,545-02-3156,"214 David Burg
Melaniechester, VA 46245",Y,hours
191,Kelly Thomas,152-86-0388,"40884 Cortez Fall
East Coreyton, NY 64219",Y,hours
192,Robert Yang,819-30-8998,"5727 Drake Parkways Apt. 477
Thomastown, TN 35558",N,hours
193,Stacy Nguyen,530-93-0549,"8120 Sanchez Cliffs Apt. 311
New Caitlinborough, GU 08068",Y,miles
194,Keith Powell,828-80-3418,"4219 Hale Cove Apt. 087
East Angelaview, ID 34232",Y,hours
195,Nicole Melton,125-98-4317,"USCGC Turner
FPO AA 60729",N,hours
196,Larry Harper,745-20-1215,"6089 Vasquez Fort
West Alejandroview, LA 50873",Y,hours
197,Kristopher Hill,225-64-8655,"597 Williams Vista Apt. 498
Williamsland, MD 18894",Y,miles
198,Rebecca Lowe,346-92-9768,"92781 Brittney Landing
New Rebekah, NC 97507",Y,hours
199,Joseph Parrish,585-44-9657,"5881 Ashley Skyway Suite 708
Lawsonchester, VT 37226",Y,miles
200,Mark Kelley,388-26-9788,"32328 Cameron Island
East Johnfort, IN 62294",N,miles
201,Tara Murray,897-03-7250,"0758 David Village
Gregoryport, ND 69315",Y,miles
202,Antonio Daniels,564-68-8229,"185 Rodriguez Trafficway
Lauraberg, CO 73841",N,miles
203,James Harris,751-39-1809,"454 Joshua Pines
Kevinstad, UT 33895",Y,hours
204,Carol Watkins,247-99-2536,"02049 Black Inlet
Port Danielmouth, KY 65603",N,miles
205,Gregory Cortez,091-09-8785,"7777 Johnson View
Lake Robert, OH 63689",N,miles
206,Julie Shepard,376-20-9788,"879 Brenda Ferry
South Jackieberg, AR 14035",Y,hours
207,Jeffrey Nunez DVM,635-17-6470,"USNS Munoz
FPO AA 86319",Y,miles
208,Jonathan Curry,578-51-1462,"05420 Christopher Ville Apt. 302
Longville, AR 06583",N,miles
209,David Cook,576-42-7975,"6697 Corey Green Suite 673
Millerhaven, FM 83099",Y,hours
210,Valerie Green,633-56-9359,"25799 Banks Radial Suite 959
Alvarezton, TX 54939",N,hours
211,Benjamin Martin,479-63-8403,"02407 Byrd Isle
Craigmouth, AZ 95780",N,hours
212,Lisa Smith,148-08-7894,"PSC 0418, Box 4603
APO AA 97735",N,hours
213,Christopher Hamilton,366-72-5004,"2305 Shannon Port
Lake Davidton, SD 75920",N,hours
214,Trevor Baker,858-22-0064,"25698 Lawrence Stravenue Suite 816
Blevinston, HI 14769",N,miles
215,Monique Jimenez,818-51-0425,"8236 Maddox Stream
Aimeeland, IN 62302",Y,hours
216,Cristian York,346-34-9792,"3636 Nguyen Rapids Suite 233
Scottmouth, NH 66047",Y,hours
217,Katherine Vargas,029-71-9934,"97237 David Flats Apt. 629
Lake David, NY 81818",Y,hours
218,David Garcia,855-46-6880,"5666 April Prairie Apt. 302
Lake Tonya, CA 07014",N,miles
219,Shelly Manning,885-50-3807,"41504 Evans River Apt. 038
Port Anthonyhaven, CT 87168",Y,hours
220,Michelle Holland,791-47-5810,"336 Mckenzie Trafficway
South Leslie, IA 38008",Y,hours
221,Amber Thomas,602-95-9400,"898 Haney Corners Suite 413
Rossberg, WV 46109",Y,hours
222,Jennifer Oneal,637-14-6792,"54253 Farrell Forks Apt. 270
Evansmouth, AR 54060",N,miles
223,Tony Collier,022-80-6289,"128 Scott Cliffs
Boydtown, WA 81600",N,miles
224,Dale Patterson,759-54-1882,"6721 Jessica Extension
Dukefurt, CT 09596",N,miles
225,John Smith,437-71-8401,"65942 Bradley Haven Apt. 224
Davisville, MA 67230",Y,hours
226,Cristina Powell,711-82-1814,"6308 Thompson Mountain Apt. 723
South Dale, MI 69532",N,miles
227,Ronald Sanchez,108-35-2952,"726 Anderson Station
Kimberlyport, NH 71223",Y,miles
228,Lisa Nicholson,692-61-7582,"790 Crystal Square Suite 739
Timothyberg, NY 70999",Y,miles
229,Philip Evans,869-43-0894,"USNV Brown
FPO AP 29611",N,hours
230,Beverly Cole,609-13-7835,"47864 Amber Rapid
Moorebury, NE 08463",Y,miles
231,Andre Mitchell,603-63-5443,"2756 Timothy River
North Manuel, IL 85411",Y,miles
232,Christopher Davis,721-77-1290,"029 Taylor Lakes Suite 428
North Coreyton, VI 90398",N,miles
233,Lisa Flynn,594-25-7220,"24922 Carrillo Locks Suite 590
Brittneyburgh, DC 64303",N,hours
234,Scott Carter,802-23-5620,"29107 Blackburn Squares Apt. 599
South Shelly, SC 18721",N,hours
235,Douglas Morris,876-91-5246,"1429 Jodi Coves
East Stevenburgh, KY 63009",N,hours
236,Daniel Robbins,702-16-3014,"2387 Ronald Estate Apt. 393
Andrewbury, ID 75530",N,miles
237,Megan Sawyer,614-81-4751,"9514 Tiffany Lock Apt. 810
Frankmouth, AL 99226",Y,hours
238,Kevin Carr,175-95-3811,"82522 Karen Garden Suite 741
Lake John, KS 25098",N,miles
239,Carol Sims,184-09-1886,"972 Amy Falls Suite 552
Robertsville, WV 55358",N,hours
240,Douglas Mckenzie,202-91-6340,"775 Alvarado Street
Juliamouth, MN 67203",Y,hours
241,Adam Herrera,896-24-9848,"9689 Megan Forest
North Debbiebury, NV 93870",Y,hours
242,Mathew Miller,726-74-8475,"9902 Callahan Summit
North Katrina, NJ 18236",Y,hours
243,Richard Jenkins,079-26-6284,"735 Beard Highway Suite 236
Simsfort, AR 84970",Y,hours
244,Michele Dillon,210-56-1601,"46848 Proctor Pass Apt. 119
Bridgesland, RI 40118",N,miles
245,Michael Wiggins,193-47-3615,"401 Castillo Creek
South Cindy, AR 63714",Y,hours
246,Christopher Abbott,896-36-4057,"6150 Mccann Corner
Hillmouth, MH 74164",Y,hours
247,Christine Arroyo,125-95-4110,"580 Reyes Glen Apt. 261
Jasmineborough, IN 13721",N,miles
248,Sara Logan,492-07-6037,"2051 Grant Ville Apt. 265
Richardfort, NM 24458",N,hours
249,Daniel Robinson,632-43-7644,"PSC 3447, Box 9401
APO AA 08138",N,miles
250,Marissa Russell,478-50-4384,"830 Johnson Brooks
East Selena, CO 65889",Y,hours
251,Justin Mooney,178-96-3993,"30540 Wise Tunnel Suite 098
New Jamesbury, CO 70893",Y,hours
252,Charles Mason,228-47-7854,"1441 Mendoza Oval
Tonyton, OH 49786",N,miles
253,Deborah Moreno,127-57-0809,"956 Medina Trafficway Apt. 850
East Laurafort, PA 45290",Y,hours
254,Jeffrey Hill,694-11-0841,"645 Jones Springs
Lake Philip, AL 80229",N,miles
255,David Howell,848-98-4489,"26609 Charles Gateway
Schmidtburgh, ND 91413",Y,miles
256,Robin Hernandez,520-80-4992,"33781 Rodriguez Park Suite 965
Richardton, WI 44870",Y,hours
257,Olivia Ellis,607-79-9298,"1488 Ho Square Apt. 687
Lake Willieburgh, VI 47648",N,hours
258,Christina Martinez,624-24-8690,"244 Diaz Curve
Hardinbury, NM 41649",N,hours
259,Alyssa Wallace,859-47-1472,"8718 Rogers Islands
West Thomas, OK 38066",Y,miles
260,Stephen Davis,541-58-8509,"2547 Steven Knoll
Cassandraville, OH 13335",N,hours
261,Katherine Wolfe,840-72-0835,"996 Michael Road
Kramerhaven, AK 27226",N,miles
262,Michael Phillips,607-33-1490,"9231 Alexander Trail
New Ashleyshire, CA 63206",Y,miles
263,Joel Beard,195-40-1538,"790 Anthony Islands Suite 174
North Tammy, CO 76764",Y,hours
264,Kristen Williams,801-08-7679,"8940 Frye Village Suite 175
North Margaretville, SD 16473",N,hours
265,Mary Hernandez,582-22-2924,"48987 Wilkinson Shore Suite 803
Fernandeztown, ID 57448",N,miles
266,Todd Edwards,520-92-7608,"817 Shelton Flats
New Christianton, MP 85622",N,miles
267,Terry Brooks,155-20-3445,"25508 Scott Spur
Davidberg, MH 49783",N,miles
268,Marissa Murray PhD,226-17-8076,"15949 Jacob Causeway
New Jennifer, MD 63623",Y,miles
269,Andrew Lopez,562-77-9209,"PSC 8436, Box 7273
APO AA 26425",N,miles
270,Douglas Horne Jr.,676-84-2330,"USNS Velez
FPO AP 89905",Y,hours
271,Kristen Brown,020-83-4842,"991 Crystal Port Suite 785
Port Stephanieburgh, IA 37610",Y,hours
272,Joshua Martinez,202-27-7987,"009 Monique Trail
Monicaland, AK 99824",N,miles
273,Brenda Doyle,364-91-7492,"00997 Maurice Trail
East Kathryntown, IL 39484",Y,miles
274,Anthony Hopkins,394-14-1190,"5770 Kristin Mews Suite 901
Amberport, VI 47827",N,hours
275,Susan Patterson,703-30-5869,"078 Steele Branch Apt. 146
Gailtown, UT 50217",N,hours
276,Adam Jones,473-27-9056,"153 Jones Tunnel
West Daniel, MA 44929",N,miles
277,Andrea Steele,444-44-0954,"9326 Andrea Grove Suite 693
Port Natashamouth, ND 40684",N,hours
278,Stacy Campbell,314-82-1350,"703 Samantha Wall
Kingbury, WA 86912",Y,hours
279,Peggy Bradley,020-49-8069,"9202 Lisa Road Apt. 867
New Brenda, GA 60495",Y,hours
280,Angela Chavez,471-71-6646,"PSC 9504, Box 2341
APO AA 01570",Y,hours
281,Tanya Gonzalez,038-53-6995,"230 Seth Oval Apt. 714
Greenefort, MS 38895",Y,miles
282,Sarah Cooley,595-19-1361,"73081 Steele Cliffs
Port Donna, ME 49159",Y,hours
283,Julia Hernandez,389-64-4170,"3819 Garrison Falls Apt. 530
Brownmouth, GA 54892",N,miles
284,Victoria Ortiz,711-66-1111,"6005 Aaron Centers Apt. 194
East Peterhaven, VI 22582",N,hours
285,Anthony Jackson,789-08-9993,"05108 Elizabeth Run
South Cassandraside, NV 63132",Y,hours
286,Donna Torres,310-90-0456,"Unit 1810 Box 8217
DPO AP 54795",N,miles
287,Zachary Young,440-35-3841,"51820 Murphy Lights
West Donald, OH 25220",Y,hours
288,Scott Berry,401-46-9015,"USCGC Singh
FPO AE 62461",Y,miles
289,Kyle Phillips,533-62-2814,"33914 Patel Falls Apt. 955
Micheleland, VA 58501",N,miles
290,Joseph Bishop,662-92-4025,"268 Matthew Hollow
Danielview, VA 33774",Y,hours
291,Charles King,723-59-9723,"PSC 6486, Box 7302
APO AP 02374",Y,miles
292,Ashley Richardson,753-28-0352,"472 Corey Manors Suite 244
Williamsberg, WY 64127",N,miles
293,Joseph Allison,639-22-7774,"32314 Burton Mountains
West Brianville, CO 50390",Y,hours
294,Philip Hubbard,031-90-6853,"PSC 9946, Box 5668
APO AE 62978",N,hours
295,Christopher Yoder,620-98-1888,"1966 Steven Vista Suite 951
Meyerport, VI 34787",N,miles
296,Tammy Pugh,251-47-6265,"PSC 9073, Box 9423
APO AE 04848",Y,miles
297,Patricia Howard,376-72-4773,"5639 Deanna Turnpike Apt. 582
Pagefort, MS 40585",Y,hours
298,Shawn Powell,003-52-0908,"241 Roger Mills
Valenzuelafort, OK 97281",Y,hours
299,Lisa Benton,558-68-4355,"6070 Rodriguez Rue Suite 780
Lake Dennis, MO 01350",N,miles
300,Denise Hernandez,352-04-8710,"3019 Michael Plaza Apt. 981
Sarahbury, WA 41616",Y,hours
301,Angela Estrada,690-52-9088,"575 Macdonald Falls Apt. 380
Port Josephberg, AK 20883",N,hours
302,Travis Lynch,803-94-2381,"106 Rodriguez Spurs Suite 639
Josetown, KY 47065",N,miles
303,Megan Ward DVM,078-89-8862,"94886 Andrew Parkway Suite 215
Farmerland, CO 55264",N,hours
304,Kimberly Guerra,797-11-5996,"5882 Bass Skyway Suite 489
West Stevenbury, MI 94774",Y,hours
305,Kyle Lewis,471-29-0115,"012 Michelle Tunnel
South Stephenfurt, PR 74241",N,hours
306,Heather Hughes,752-37-6362,"96707 Gina Terrace
North Miranda, MP 67892",Y,miles
307,Joseph Becker,317-59-0239,"46160 Amanda Street
North Sarahport, PA 01072",N,hours
308,Jonathan Williams,358-62-1078,"34276 Clay Ville Apt. 147
West Gabriel, MA 31100",Y,hours
309,Johnathan Swanson,137-20-8823,"1493 Nathan Islands
Milesland, FL 59330",N,miles
310,Angie Case,444-08-4592,"7408 Amber Squares
Youngmouth, PA 14019",N,miles
311,Calvin George,878-79-1547,"674 Daniels Heights Suite 526
Barnesborough, SC 48749",N,hours
312,Robert Mccullough,229-75-7541,"082 Cook Summit
West Katherine, KY 14549",Y,miles
313,Kelly Deleon,797-11-4047,"08299 Mendez Mall Apt. 502
Williamfurt, AK 80987",Y,miles
314,Annette Lawson DDS,558-04-6327,"61079 Estrada Loaf Suite 152
Fieldsstad, ND 36742",Y,miles
315,Maria Anderson,102-43-3860,"119 Roy Throughway
Johnsonfurt, NJ 72805",Y,miles
316,Lee Leonard DVM,713-78-0723,"280 Lisa Brooks
Harveyborough, WV 40845",Y,miles
317,Maria Huff DVM,894-58-6681,"494 Erika Ramp
Nealville, NV 56030",Y,hours
318,Christopher Scott,749-11-2333,"373 Jason Prairie
South Ryan, NY 56242",Y,miles
319,Cory Powell PhD,270-81-2025,"57227 Ronald Inlet Suite 702
Rodriguezberg, FL 00585",Y,hours
320,Charles Thomas,882-41-3038,"7556 Anderson Falls
Crystalside, MI 24123",Y,miles
321,Kevin Peterson,457-97-3458,"59542 Fox View
Bryanthaven, TN 20454",Y,miles
322,Robert Smith,026-46-0242,"821 Erin Inlet
South Roberta, OH 86373",Y,hours
323,Brent Casey,316-82-6463,"892 Richard Centers Apt. 859
North Russell, SD 85892",N,miles
324,Amber Little,427-44-0771,"858 Michael Field
Wolfetown, MI 88823",N,miles
325,Daniel Palmer,523-82-4297,"582 Warren Springs Suite 105
Edwardshire, OK 07621",N,hours
326,Rachel Reynolds,866-79-8804,"3761 Grant Views Apt. 064
South Daniel, IN 96621",Y,miles
327,Kenneth Dominguez,546-84-1689,"762 Laura Drive Suite 345
Lake Matthewchester, NE 70531",Y,miles
328,William Savage,053-97-3690,"1399 Virginia Inlet
South Chelseafurt, MS 62571",Y,hours
329,Michael Martinez,831-07-9304,"Unit 8679 Box 7155
DPO AA 27178",Y,hours
330,George Dunn,597-79-1932,"787 Brown Gateway
Dannyfort, DC 95058",Y,hours
331,Nicholas Blankenship,363-19-2613,"6490 Scott Estates Suite 283
Glennton, OR 85181",Y,miles
332,Gerald Osborn,028-45-3370,"PSC 1953, Box 7358
APO AP 21876",N,hours
333,Stephanie Elliott,319-96-7520,"10202 Christopher Circle
East Paulamouth, NV 56457",N,miles
334,Sarah Goodman,561-06-7744,"67107 Brian Groves Apt. 538
Lunabury, AL 44521",N,miles
335,Adrian Li,283-92-8903,"700 Sandra Summit
South Angelica, FM 17863",N,miles
336,Brian Woods,259-62-0816,"USCGC Holden
FPO AP 93495",N,miles
337,Stephanie Holmes,419-96-1653,"7328 Melanie Plaza Suite 468
New Leonardtown, PA 11128",Y,miles
338,Cheryl Crawford,730-58-2747,"1948 Case Island
Clarkfurt, NE 59835",Y,hours
339,Jason Robles Jr.,413-29-6346,"4448 Matthew Camp Suite 073
West Erica, SC 16400",N,hours
340,Larry Smith,615-75-0419,"15926 Smith Skyway Suite 982
Nathanview, IA 41716",Y,hours
341,Tiffany Huffman,789-02-2593,"767 Jones Village Apt. 143
Perryside, GA 21754",Y,miles
342,Hannah Smith,675-21-3813,"8128 Wilcox Mountains
Oconnellmouth, ND 51334",N,miles
343,John Goodman,045-53-2702,"Unit 3579 Box 5611
DPO AE 14498",Y,miles
344,Hunter Harris,031-07-6757,"2683 Ray Camp Suite 871
East Steven, AR 36300",N,hours
345,Karen Smith,631-24-7283,"727 Greene Land
North Ryanburgh, PW 18213",Y,hours
346,Robert Beck,420-94-2779,"8755 John Landing
South Christine, FL 68199",N,miles
347,Spencer Pope,792-95-5141,"911 Jared Locks
Jenniferside, AR 08781",Y,hours
348,Abigail Wilkerson,552-95-7166,"746 Mary Alley
Juliaside, MN 29996",Y,hours
349,Jeremy Scott,672-82-4521,"03238 Rick Gateway Suite 617
East Cathy, OK 34178",Y,hours
350,Michelle Wu,893-13-9763,"Unit 6982 Box 8774
DPO AA 64723",Y,miles
351,Alan Jennings,449-07-1979,"5750 Kristen Prairie Apt. 928
Haleychester, PA 67570",Y,miles
352,Darren Griffin,173-46-4003,"19332 Gaines Route Suite 193
Chaneyborough, HI 82501",Y,miles
353,Jerry Brown,742-77-0927,"28749 Kenneth Curve
New Carolview, CT 54177",N,hours
354,Elizabeth Hansen,332-02-3383,"97307 Jerry Plains Suite 060
Jeremyberg, NE 69250",N,miles
355,Holly Jordan,836-67-1831,"PSC 3924, Box 4678
APO AA 88204",Y,hours
356,Craig Lucero,571-82-4699,"PSC 2753, Box 0876
APO AE 12817",Y,hours
357,Shannon Scott,286-71-7053,"0356 Jimenez Locks Apt. 407
Macdonaldview, AR 85586",Y,hours
358,Christopher Myers,697-93-6725,"84975 Patrick Trail
Jenniferburgh, MD 60467",Y,hours
359,Melissa Holmes,674-62-2723,"328 Ortiz Village
Kevinland, GA 47339",N,hours
360,Kristen Patel,717-81-5403,"6263 Katrina Mountain
Port Summerberg, GA 29908",N,hours
361,Heather Johnson,186-56-5465,"07498 Johnathan Cliff Apt. 468
Schmittberg, AR 07152",N,miles
362,Richard Dyer,802-60-3530,"884 Shannon Lake Suite 555
Port Glenn, HI 68262",N,miles
363,Debra Mills,467-96-5694,"97001 Jaclyn Hill Apt. 451
South Tamara, NH 68418",Y,hours
364,Kirk Cole,005-69-4575,"814 Mcintosh Cape Suite 045
New Megan, WI 44951",N,miles
365,Gerald Mcdonald,542-56-2062,"08600 Linda Forks Apt. 324
West Valerieport, WI 75241",Y,hours
366,Anthony Perry,474-16-3800,"03074 James Fall Apt. 978
Weaverville, NE 51476",Y,hours
367,Tyler Moreno,015-65-1154,"295 Malone Harbors
Melissaside, UT 56804",Y,hours
368,Jackie Santiago,325-37-0732,"748 Wells Route Suite 345
Andersonhaven, LA 10509",Y,hours
369,Dustin Olson,667-12-7290,"730 John Grove Apt. 304
North Terriville, KY 24492",Y,hours
370,Diana Solis,420-60-9010,"21841 Kristen Loop Apt. 660
East Jay, MN 82397",N,hours
371,Timothy Miller,494-98-2577,"913 Watson Forest
North Brianside, NY 12075",N,miles
372,Virginia Peterson,370-64-4720,"87632 Shannon Tunnel Suite 426
South Paulport, FM 30599",Y,miles
373,Larry Molina,837-10-7349,"PSC 0037, Box 5573
APO AE 80563",N,miles
374,Lisa Pratt,021-01-6250,"USNS Briggs
FPO AP 74268",Y,hours
375,Jeffrey Bailey,465-34-2415,"318 Ballard Rapids
Lake Devinburgh, WI 41625",N,hours
376,Jamie Sanchez,536-32-2989,"31460 Whitney Mount
Banksmouth, GA 57173",N,hours
377,Nicole Lee,725-34-9115,"750 Sanchez Courts Apt. 666
Porterbury, VI 73086",Y,miles
378,Joseph Smith,725-48-7588,"Unit 0310 Box 2389
DPO AA 33499",Y,miles
379,Benjamin Johnson,553-08-0395,"182 James Court Suite 855
Stephaniebury, PR 13893",Y,miles
380,Patricia Mccoy,524-71-2537,"907 Bowen Forest
Lake Jeffreymouth, VT 10054",N,miles
381,Laura Nelson,196-71-9336,"236 Bush Loaf Suite 554
Markland, ME 25703",Y,hours
382,Kim Mccann,761-28-0471,"3278 Erik Plaza Apt. 155
Lake Aprilstad, RI 32381",N,hours
383,Michelle Morris,668-39-8269,"708 Ronald Underpass Suite 245
South Melissaburgh, WY 69096",N,hours
384,Daniel Evans DVM,805-20-8690,"24964 Alexandra Track Apt. 140
Averyfort, OR 50246",N,hours
385,Adrian Atkins,544-08-3187,"1647 Thomas Locks Suite 503
South Cheryl, VT 41560",N,hours
386,Kayla Rodriguez,625-77-7195,"Unit 7543 Box 8410
DPO AA 05100",Y,hours
387,Aaron Moss,601-14-0484,"5256 Thomas Branch Suite 714
Carolyntown, MO 73973",Y,miles
388,Anne Duncan,829-50-7051,"40169 Mary Glen
South Marissashire, WV 61668",N,hours
389,Samantha Bullock,514-07-9988,"2624 Jennifer Ports Suite 837
Marshallview, RI 30882",N,miles
390,Stephanie Molina,265-29-0732,"7212 Lawrence Viaduct Apt. 735
West Alexton, MD 36437",N,hours
391,George Trevino,807-49-4663,"929 Rodriguez Meadow Apt. 392
Murrayview, NY 86825",Y,miles
392,Philip Williams,304-08-4162,"384 Jenkins Union Suite 688
Grayton, MD 61459",N,hours
393,Jeffrey Reed,730-79-3437,"15777 Avila Drive
North James, OR 29410",N,hours
394,Andrew Irwin,892-11-4683,"1123 Christina Pass Suite 863
Susanshire, MO 20884",Y,miles
395,Joseph Gallagher,003-37-9907,"74322 Amber Island Apt. 109
South Tonymouth, MI 04743",N,hours
396,Jeremy Joseph,787-31-6196,"375 Matthews Wall
Lake Erikashire, RI 02115",N,miles
397,Evelyn Wagner,264-56-3753,"984 Ronald Landing Apt. 204
Faithtown, VT 38913",N,hours
398,Michelle Williams,122-24-1931,"Unit 2190 Box 8167
DPO AP 04163",Y,hours
399,Paul Golden,485-19-7501,"92871 Ramirez Dam Apt. 675
Josephborough, VI 36567",Y,miles
400,Michael Good,767-18-6593,"188 Porter Isle Suite 287
Lake Jennifer, FL 93690",Y,hours
401,Scott Lewis,069-51-9874,"8131 Brown Estate
North Andrew, NH 06838",N,hours
402,Gina Sanders,381-31-5949,"97663 Nancy Harbors
Michaelland, OH 80309",N,hours
403,Angela Martinez,079-59-8109,"066 Stacy Stravenue
Lake Melissaside, ME 96685",Y,miles
404,Michael Thomas,460-69-7230,"939 Danielle Groves
Port Michael, KS 47312",Y,hours
405,Cody Martinez,696-89-1695,"99599 Jones Walk
Antoniofort, IL 76891",N,miles
406,Todd Chase,451-92-7387,"7516 Williams Rapid Suite 822
Alejandrabury, FL 93606",N,miles
407,Lisa Wilson,703-66-1320,"34140 Jacob Falls Apt. 527
West Alexander, MA 19510",Y,miles
408,Austin Smith,808-89-4379,"Unit 5119 Box 4779
DPO AE 09550",Y,hours
409,Steven Ingram,012-55-1279,"133 Sullivan Club Suite 382
West Jonathanfurt, FM 68042",Y,hours
410,Taylor Cain,670-80-1180,"37504 Franklin Vista Suite 592
West John, CA 72887",Y,miles
411,Robert Burns,552-02-6388,"PSC 9276, Box 7129
APO AA 48811",Y,hours
412,Brittany Dodson,525-94-9866,"67282 Meyers Islands
West Manuel, KY 69658",N,hours
413,Austin Hernandez,825-78-0787,"Unit 3856 Box 1418
DPO AP 80787",Y,hours
414,Deborah Dixon,537-93-5601,"71633 Daniel Falls Suite 356
New Cathy, RI 79147",N,hours
415,Christine Moore,493-16-3815,"460 Howell Avenue
Seanland, NV 74935",Y,hours
416,Maria Barrett,852-36-4951,"USNV Shea
FPO AE 16458",Y,hours
417,Justin Sanchez,831-69-5776,"Unit 8635 Box 4979
DPO AA 93766",N,hours
418,Patricia Roth,149-61-2420,"03329 Flores Parkway Suite 104
South Meganburgh, CT 58003",N,miles
419,Chad Harris,016-10-0676,"269 Tammy Camp Suite 801
Justinfurt, ME 34746",Y,miles
420,Timothy Bennett,192-29-5291,"Unit 2620 Box 0522
DPO AA 35032",N,miles
421,Katie Gonzalez,665-69-4789,"PSC 0046, Box 0637
APO AE 55431",Y,miles
422,Jennifer Turner,861-09-5655,"69324 Benjamin Station
Port Charlesfort, UT 67085",Y,hours
423,Michael Jennings,210-84-0221,"0013 Rodriguez Forks Suite 409
Thompsonbury, WA 36236",N,hours
424,Sandra Brown,013-77-4099,"189 Thomas Drive
East Kaylafurt, MS 57582",N,hours
425,Leslie Barber,109-62-0375,"2265 Welch Camp Apt. 380
Raymondhaven, UT 62132",Y,miles
426,Eric Hicks,466-71-5009,"24359 Justin Heights
North Joseph, DE 35161",Y,hours
427,Stephanie Shaw,359-38-6445,"191 Hill Circles Apt. 328
New Rickytown, MS 43525",Y,miles
428,Matthew Ho,763-13-0468,"PSC 7006, Box 2331
APO AP 88310",Y,hours
429,Victoria Alvarez,211-85-6144,"169 Robinson Mountain
Timothychester, IN 99940",N,miles
430,Cindy Morris,653-01-1992,"92296 White Passage
Brownview, NJ 82163",Y,hours
431,Richard Wilson,542-54-4969,"637 Jennifer Point
Hopkinsmouth, CA 93551",Y,miles
432,Mackenzie Joyce,304-50-8446,"2063 Ryan Courts Suite 124
South Jessica, MD 94922",N,hours
433,Brianna Morales,896-96-4965,"514 Caleb Trace Apt. 586
New Joel, AZ 22818",N,hours
434,Todd Castillo,373-23-8029,"736 Shepherd Cove
Andersonhaven, NY 83264",N,hours
435,Victoria Gaines,379-08-2207,"15225 Koch Inlet
Kellyport, MN 09428",Y,hours
436,Alexander Grant,398-51-4152,"192 Amber Inlet
Leroyborough, IA 54304",N,hours
437,Thomas Oneal,202-92-8208,"46538 Leslie Causeway Suite 142
East Johnchester, WI 50769",N,hours
438,Laurie Weber,144-43-6584,"1810 Jeff Villages
Garybury, IN 32622",N,miles
439,Mary Gutierrez,384-92-9259,"16604 Carter Ramp Suite 571
Chambersborough, AZ 30035",Y,miles
440,Michelle Brown,049-55-7102,"9333 Patricia Pike Apt. 927
Adamsmouth, WV 06838",Y,miles
441,Tyler Walters,645-09-9472,"Unit 3068 Box 2785
DPO AA 32948",N,hours
442,Don Roman,455-07-7914,"92754 Matthew Loop
Melissatown, MI 58190",Y,hours
443,Derrick Kemp,111-47-0275,"933 Carla Forks
Jesusville, RI 10288",Y,hours
444,Dylan Day,473-92-3989,"83592 Zimmerman Extension Suite 274
New Meganshire, NV 78175",Y,miles
445,Jordan Anderson,783-91-4306,"7348 Walker Island Suite 662
New Matthewborough, GA 85661",Y,hours
446,Trevor Adams,613-06-2231,"4212 Mata Point
East Kathy, DC 64012",N,miles
447,Joshua Stone,043-02-2536,"73382 Farley Junction Suite 597
North Matthewberg, MA 36751",N,hours
448,Mark Pratt,803-65-2297,"200 Joshua Field Apt. 394
Sextonstad, VI 38144",N,miles
449,Cynthia West,080-75-5541,"11986 Amy Rapids Apt. 589
Lake Peggyborough, ID 89002",Y,hours
450,Jessica Hunter,174-26-8824,"470 Carr Island
Stevensonville, AL 29661",Y,miles
451,Jessica Payne,481-65-1800,"396 Ward Row
Philipborough, WI 02652",Y,hours
452,Leah Nelson,196-80-4647,"819 Walker Row
West Williamville, MT 20987",Y,miles
453,Todd Robinson,324-40-2636,"0308 Kirk Valley Suite 052
Emilyside, VI 55757",Y,miles
454,David Lara,892-02-8194,"3460 Johnson Throughway
Stevenchester, IN 89800",Y,hours
455,William Horne,025-13-7877,"80137 Sanders Expressway
South Tylermouth, MO 99357",Y,miles
456,James Miller,480-63-1295,"3862 Mills Prairie Apt. 172
South Ashley, CO 72108",N,miles
457,Meghan Payne,672-68-6184,"7007 Miller Club Apt. 056
North Jermaine, MT 15902",Y,hours
458,Edgar Griffin,461-91-3087,"9329 Melissa Mill Suite 069
Rileyville, WA 38654",Y,miles
459,Paula Ramirez,480-67-1063,"572 Moore Union Suite 126
Brownbury, RI 89928",N,hours
460,Herbert Smith,622-79-5937,"USCGC Hobbs
FPO AE 35366",Y,miles
461,Eric Humphrey,553-17-5535,"00799 James Loaf
West Josemouth, CA 00786",N,hours
462,Diana Kane,832-84-6339,"17066 Wilkins Forks
New Kimberly, MH 98182",N,miles
463,Marissa Reynolds,396-50-3531,"USCGC Harding
FPO AA 97473",Y,miles
464,Michael Thompson,377-47-3582,"0172 Glass Squares Apt. 539
Nicholasmouth, AR 90733",N,hours
465,Lee Knight MD,183-84-2972,"82743 Torres Lakes
New Tyronechester, MT 68090",Y,hours
466,Ashley Smith,376-59-5023,"497 Jeremy Land
North Donaldmouth, ME 83711",N,miles
467,Bruce Rodriguez,537-16-6869,"263 Johnson Village
North Scott, FL 51633",Y,miles
468,Christopher Nguyen,729-71-6472,"3694 Benjamin Summit Suite 819
South Jason, SC 67536",N,miles
469,Erica Holt,083-27-3589,"8145 Wilson Point
New Marthafurt, VI 13062",Y,miles
470,Rachel Rodriguez,342-36-5023,"1483 Rivers Crossing Apt. 241
Juliashire, GU 08767",Y,miles
471,Courtney Lucas,134-39-0453,"0086 Lynn Key
Zacharyfurt, ID 05292",N,miles
472,Carla Wells DDS,323-86-6252,"487 Richardson Common
South Theresaport, WV 18795",N,hours
473,Scott Hernandez,361-89-2423,"860 Rachael Spur
Josephtown, ND 46572",Y,miles
474,Diana Cain,825-57-0698,"61728 Julia Grove
East Andrehaven, MS 66100",Y,miles
475,Juan Lee,758-26-8099,"1291 Sheila Courts Suite 991
North Virginia, MA 85018",N,hours
476,Anthony Little,509-60-4291,"209 Benton Pike Suite 605
Port Kellyland, VT 11666",N,miles
477,Susan Cox,528-58-4682,"2851 Jones Heights
Port Angelmouth, PR 84429",Y,hours
478,Marcus Burch,624-46-4157,"USNV Roberts
FPO AA 01389",Y,miles
479,Jessica Baker,258-88-0603,"4981 Reyes Light Apt. 902
Scottborough, PW 06057",N,miles
480,Angela Campbell,318-45-5882,"84425 Daniel Heights
West Victoriaview, MS 00805",N,miles
481,Jessica Knight,450-23-8462,"6801 Hale Divide
Bensonbury, DE 81758",N,hours
482,Samantha Brown,533-36-7234,"Unit 7834 Box 1214
DPO AE 01582",N,miles
483,Steven Erickson,569-63-6840,"915 Brian Squares
South Brookemouth, NC 81818",Y,hours
484,Melissa Miller,006-29-3262,"USCGC Miller
FPO AA 49620",Y,miles
485,Timothy Torres,859-26-1817,"641 Baker Passage Suite 623
Sheltonstad, SC 40160",N,hours
486,Todd Zamora,893-81-2145,"46048 Thompson Ramp
South Daniel, ND 23770",Y,miles
487,Jasmine Thomas,291-12-7902,"8290 Sarah Dale
Warrenstad, FL 73233",N,miles
488,Rachel Wade,326-55-5846,"1045 Andrew Stravenue
East Shannon, PA 88622",N,miles
489,Angela George,226-03-7475,"USNV Walker
FPO AP 36025",Y,miles
490,William Gonzalez,889-54-0068,"095 Amy Prairie Suite 689
East Eric, AZ 51045",Y,miles
491,Katherine Avery,087-16-5996,"02036 Alicia Pines Apt. 586
North Charles, ND 59238",Y,hours
492,Patrick Vazquez,248-01-5949,"32002 Jason Mill Suite 340
Lewismouth, FM 85757",N,miles
493,Ryan Hayes,662-85-3131,"805 Kenneth Greens Apt. 422
Ericstad, SD 79137",Y,miles
494,Bryan Rodriguez,179-74-4904,"59916 Gregory Branch
North Kathy, KS 74174",N,hours
495,Edward Santiago,437-29-3157,"Unit 5982 Box 7968
DPO AP 19728",Y,hours
496,Ronnie Freeman,812-89-2538,"28485 Jennifer Manor
New Robin, TN 17958",N,miles
497,Theresa Mitchell,134-81-0147,"Unit 6340 Box 2296
DPO AE 82162",Y,hours
498,Emma Collins,895-68-3480,"850 Tran Locks
West Adrianview, MH 74799",Y,hours
499,Randy Fuentes,134-56-4130,"USCGC Rodriguez
FPO AE 74238",Y,hours
500,Larry Blankenship,185-86-0449,"496 James Rapid
South Angel, TX 53824",Y,miles
501,Travis Green,270-24-8718,"4742 Gray Shores
West Connortown, MN 63918",N,hours
502,Kyle Riley,022-05-7542,"Unit 5509 Box 5303
DPO AE 45233",Y,miles
503,Nicole Parker,633-05-9015,"USNS Smith
FPO AP 15147",Y,miles
504,David Pitts,556-89-5312,"5962 Christopher Village
West Sandraland, VT 65436",N,hours
505,Michael Garcia,832-65-6375,"4768 Donald Corner
Leroychester, NJ 13512",Y,hours
506,Joseph Hancock,235-97-0858,"745 Gilbert Landing Suite 233
Wrightland, FM 54702",Y,miles
507,William Chapman PhD,310-07-1970,"03565 Peters Unions Apt. 790
Brandonstad, MT 77055",Y,miles
508,Aaron Martinez,538-14-9611,"3742 Sue Wall Suite 380
Washingtonbury, AK 36268",Y,miles
509,Margaret Davis,244-76-7174,"63970 Blackburn Gateway Apt. 426
Port Joelburgh, DC 62460",N,miles
510,Sean Riggs,509-66-2372,"63799 Goodman Wells
Johnsonburgh, SD 46076",Y,miles
511,Catherine Chen,100-42-8891,"715 James Shoals Apt. 954
Hernandezfort, MP 58495",N,miles
512,Jeffrey Hall,886-86-9097,"PSC 9323, Box 3753
APO AP 58615",Y,hours
513,Tricia Smith,680-55-7423,"37162 Lynn Turnpike
Wrightland, OH 69436",Y,hours
514,Eric Miller,723-88-7188,"90601 Kimberly Stream Apt. 587
Charlesborough, OH 71657",Y,hours
515,Phillip Williams,776-67-3678,"043 Sullivan Lock Suite 086
East Matthew, IN 60355",N,hours
516,Amanda Smith,390-17-4377,"251 Hall Brooks
Christopherton, CO 86842",Y,hours
517,Ana Brady,795-69-7767,"383 Morris Prairie
Jonborough, VA 06610",N,hours
518,Aaron Murphy,582-23-6868,"839 Amanda Pass Apt. 140
Marshallfort, KY 88714",N,miles
519,Anthony Watson,482-60-2304,"9862 Long Spring
West Jeremyview, GU 49764",Y,hours
520,Dorothy Harris,656-69-1228,"3647 Mitchell Green
Lake Richardside, ID 39766",N,hours
521,John Acevedo,233-22-6364,"Unit 4725 Box 9424
DPO AE 65352",N,hours
522,Kimberly West,765-58-5018,"078 Melanie Path Apt. 075
Lake Brian, ND 99377",Y,hours
523,Tara Garcia,778-59-8903,"5630 Rowe Pine
East Devin, NY 74120",Y,miles
524,Marc Clarke,268-02-5353,"597 Lauren Court Suite 177
West Robert, OR 53652",N,miles
525,Brandon Hayes,690-77-3667,"8278 Torres Locks
Brennanbury, WY 51260",N,hours
526,Debbie Bailey,475-13-9898,"468 Rodriguez Common
New Julia, PA 89748",N,miles
527,Karen Rodriguez,249-64-4813,"59797 Welch Divide
Josephside, AZ 61796",Y,hours
528,Randy Gonzales,033-96-6071,"156 Deborah Junction Suite 232
North Wendyton, FM 00821",N,hours
529,Jacob Ross,183-92-3361,"38492 James Streets Suite 115
Cochranmouth, WI 71546",N,hours
530,Charles Thompson,812-91-6238,"346 Kimberly Ways Suite 395
Lake Laura, VA 29518",N,miles
531,Crystal Lawson,877-27-3108,"USNV Dickerson
FPO AE 32666",Y,miles
532,Danielle Wong,795-99-4144,"7451 Timothy Burg
New Kathleenstad, MI 74979",N,miles
533,Christopher Adams,004-79-7258,"975 Chelsea Estates Suite 567
New Robert, RI 91547",Y,miles
534,Samuel Sanchez MD,228-14-5414,"334 Jordan Corners
Lake Robert, VI 13985",Y,hours
535,Aimee Conley,427-81-8605,"6202 Mark Harbors Apt. 100
North Aprilmouth, MS 86100",N,hours
536,Melissa Mcknight,372-06-0861,"19835 Jonathan Plaza
West Abigailmouth, DC 16386",Y,miles
537,Brianna Pena,774-78-9618,"85920 Allen Spurs
Davidhaven, NM 81564",Y,miles
538,Lucas Morris,005-51-1821,"3155 Allison Spurs
Simmonsside, FL 98742",Y,hours
539,Brandon Martinez,386-38-5152,"PSC 3748, Box 9569
APO AP 25982",N,hours
540,Alvin Cantrell,384-04-9401,"908 Murphy Run
Brownchester, AR 57498",N,miles
541,Bonnie Cardenas,812-63-6794,"4088 Watson Village Apt. 626
Austinshire, NY 34233",Y,miles
542,Jeffrey Peters,420-04-9567,"033 Smith Rest Suite 246
Herbertborough, IN 56334",N,miles
543,James Benton,520-15-8789,"30882 Edwards Bypass
West Ruth, KY 82062",N,hours
544,Francis Farmer,762-40-4575,"Unit 2105 Box 3605
DPO AP 47391",Y,miles
545,Katherine Jackson,028-30-7309,"866 Flores Lane Suite 617
Nolanmouth, GU 28978",N,miles
546,Elizabeth Murphy,152-03-8193,"599 Suarez Ford
North Amanda, NE 46838",N,miles
547,Kimberly Garcia,461-56-0857,"5449 Scott Curve Suite 998
Cortezstad, HI 93505",N,miles
548,Elizabeth Ramos,064-74-7659,"4066 Mark Shore
Laurafort, CT 63989",Y,miles
549,Timothy Bennett,382-41-2810,"7984 Gonzalez Lake Apt. 806
East Kathrynfurt, FL 13910",Y,miles
550,Bryan Hill,493-23-0517,"1103 Joseph Shoals Apt. 229
Watkinsside, IA 50373",Y,miles
551,April Hart,840-95-1510,"28357 Victor Locks
Port Jade, MS 85792",N,hours
552,Brian Stone,698-87-2065,"0889 Jermaine Ranch Apt. 986
Port Kevin, MD 91702",Y,miles
553,Ralph Wright,031-43-0440,"1191 Justin Estate Apt. 587
Johnsonborough, MO 10358",N,hours
554,Monique Brown,421-45-8734,"460 Lynch Passage Suite 563
Cummingston, NE 95296",Y,miles
555,Robert Eaton,785-47-7236,"701 White Motorway
East Hectorhaven, ID 77973",N,miles
556,Robin Murphy,846-87-5229,"2484 Wilson Hills Apt. 981
Patrickberg, MP 11611",Y,hours
557,Loretta Harvey,461-91-9123,"183 Paula Unions
North Jason, SC 76900",Y,hours
558,Natalie Perkins,633-50-6729,"49996 Rubio Stream Apt. 962
Lisatown, LA 83504",Y,hours
559,Michele Dougherty,667-88-6515,"869 Anderson Trafficway Suite 873
Juliamouth, NY 20644",N,hours
560,Michael Wall,375-05-3993,"768 Zimmerman Inlet Apt. 533
Elizabethburgh, NV 84235",N,miles
561,Christopher Patterson,435-88-7717,"352 Amanda Ferry
South Allen, MD 43509",N,hours
562,Adam Hutchinson,335-43-5697,"57434 Paul Route Suite 551
Jamesmouth, KY 49083",N,miles
563,Rachel Jackson,152-74-4427,"6187 Jamie Squares Suite 509
Jamesmouth, VA 55615",Y,hours
564,David Harrell,136-35-6912,"9172 Jeremiah Run Apt. 220
Melissafort, NV 32386",N,miles
565,Wendy Byrd,176-99-0567,"47083 Veronica Estates
North Patriciafort, CA 71355",N,miles
566,Kathryn Carroll,156-78-2815,"3515 Briggs Ramp
Victoriabury, VI 01875",N,miles
567,Steven Pham,143-12-0429,"018 Anthony Springs Apt. 231
Port Kristin, NV 43343",Y,hours
568,Thomas Kelly,376-31-3691,"7505 Samuel Tunnel
Nathanielbury, WI 59779",N,hours
569,Rachael Hansen,847-71-7559,"Unit 1858 Box 9074
DPO AE 96248",Y,hours
570,Erik Sims,280-17-0041,"204 Heath Inlet Apt. 672
Cruzfort, VI 22618",N,hours
571,Haley Richardson,797-92-7505,"7394 Diane Radial Suite 512
North Jenniferborough, MA 34222",Y,miles
572,Brian Duffy,517-29-9032,"891 Monica Rapid
North Tiffanyshire, MS 28338",N,hours
573,Brett Allen,390-21-3491,"92630 Brooke Ranch Apt. 527
Paulashire, SC 16892",Y,hours
574,Michael Johnson,285-06-9880,"3861 Lloyd Divide
Lake Shelbyport, MH 20384",Y,miles
575,Kelly Cooper,181-29-1092,"Unit 2302 Box 1866
DPO AE 41089",N,miles
576,Jaime Martin,858-99-8618,"630 Mark Expressway
East Daniel, KS 13576",N,hours
577,Allison Jackson,289-05-9512,"675 Washington Coves
Lake Meganville, NJ 50680",Y,miles
578,Dana Manning,325-37-1087,"1446 Jeffrey Circles Apt. 977
Fernandezfurt, VI 38500",N,hours
579,Nicole Williams,192-27-0856,"93248 Sanchez Parkways
North Joseton, ME 91351",N,miles
580,Dr. Maria Brown,523-10-2732,"75089 Compton Freeway Suite 946
South Cole, MI 43016",Y,miles
581,Ryan Chambers,452-81-5788,"66330 Kendra Throughway Suite 268
Robertside, MA 99243",N,miles
582,Kathy Martinez,710-43-9122,"56181 Gutierrez Trail Suite 941
Morrisonchester, UT 24697",N,hours
583,Sara Hansen,710-53-2338,"480 Christopher Keys Suite 894
Johnhaven, RI 55943",Y,miles
584,Elizabeth Williams,381-15-5381,"603 Faulkner Drives
North Caitlintown, SD 67984",Y,miles
585,Joshua Hale DVM,679-50-0284,"814 Noah Valley Suite 187
New Bridget, AR 17344",N,miles
586,Heather Torres,133-31-2583,"2221 Salazar Circles
Debbieside, SD 32871",N,hours
587,Dawn Castillo,452-98-1546,"6159 Amy Motorway Apt. 269
South Sheilaport, IL 75055",N,hours
588,Dwayne Reyes,800-05-6151,"USS Sullivan
FPO AP 70678",N,miles
589,Michael Bowers,461-48-4586,"1401 Aaron Stravenue Apt. 127
Port Christopher, NV 09645",N,miles
590,Janice Williams,021-16-6154,"32577 Sharon Underpass
West Carol, VI 70332",N,hours
591,Joseph Henry,671-67-7877,"917 Burke Road Apt. 299
Lake Robert, TN 92584",N,miles
592,Jack Lucas,626-04-7578,"9519 Nicholas Route
Hernandezland, GU 20190",N,miles
593,Virginia Turner,074-72-0076,"6881 Garza Shoal
Dustinland, VI 10275",N,miles
594,Brooke Lopez,676-64-0445,"PSC 5056, Box 8318
APO AE 16231",N,hours
595,Jennifer Knapp,326-78-4906,"820 Robinson Islands Suite 539
North Tyler, LA 97633",Y,hours
596,Russell Reynolds,082-99-1837,"586 Joanne Cliff Suite 292
East Desireemouth, LA 77162",N,hours
597,Stacey Dixon,786-50-7857,"0052 Yates Tunnel
New Jessicaview, AZ 39494",Y,miles
598,Timothy Meadows,767-45-4777,"97653 Stacy Prairie Suite 997
East Yesenia, HI 80362",Y,hours
599,Angela Moore,461-45-3734,"15119 Crane Circle Apt. 724
Michaelfort, PA 34747",N,hours
600,Linda Kane,809-26-0643,"291 Jennings Village Apt. 635
Websterstad, CT 85303",Y,hours
601,Aaron Edwards,503-84-6340,"318 Gutierrez Lodge Apt. 128
Murphyland, MH 94093",Y,miles
602,Leah Copeland,426-09-6555,"35279 Brian Springs
New Michaelhaven, IL 75900",Y,hours
603,Jeff Barnett,707-98-4207,"USCGC Burnett
FPO AA 16232",Y,hours
604,Bill Guerrero,031-98-0800,"483 Russell Shoals Apt. 410
New Andrea, WV 20733",N,miles
605,Linda Mejia,257-16-7509,"25421 Marie Ranch Apt. 677
New Danielbury, ME 86971",N,miles
606,Alexis Martin,131-71-0487,"70847 Mcdaniel Coves Suite 224
West Elizabeth, AR 39820",Y,miles
607,William Terrell,621-94-1708,"588 Shannon Flat Apt. 417
North Stacie, ME 22448",Y,miles
608,Christopher Fox,222-44-9865,"609 Kristin Orchard Suite 643
Jamesshire, LA 76913",Y,miles
609,Tanya Medina,089-17-2455,"852 Jon Gateway
Lake Petershire, MN 62959",Y,miles
610,Philip James,201-34-9910,"637 Nathan Fork
Mistyberg, NE 05923",N,hours
611,Erica Wong,618-41-4432,"9707 Ashley Forest Apt. 102
Claudiafurt, MI 13239",N,hours
612,Melissa Atkinson,323-62-7757,"012 Keith Locks
South Jasminetown, MP 32202",N,hours
613,Deborah Dickson,523-60-0166,"424 Melissa Meadows Apt. 251
New Karenshire, DE 94728",N,miles
614,Jeremy Bullock,647-02-1301,"8299 Brandon Rapid
Humphreyview, MO 78782",N,hours
615,Chelsea Warner,734-43-4334,"44035 Jennifer Inlet Suite 703
Ingramton, CO 75270",Y,hours
616,Jason Schmidt,074-06-7026,"294 Diaz Gardens Suite 619
West Philip, VA 29137",N,hours
617,Dennis Garcia,545-93-6521,"79683 Green Stravenue
North David, NE 06743",Y,hours
618,Louis Peterson,482-31-7605,"USNV Taylor
FPO AE 55361",N,miles
619,Tonya Faulkner,044-12-5358,"Unit 7198 Box 3849
DPO AP 78591",N,hours
620,Vanessa Dawson,137-54-2164,"313 Jennifer Field
East Daltonbury, OR 53104",N,miles
621,Melissa Harper,365-33-7383,"96079 Mcgee Trace Suite 034
East Davidmouth, OH 34578",N,miles
622,Patrick Johnson,511-63-6961,"891 Michelle Flats Apt. 510
North Raymond, IL 66703",Y,hours
623,Brittney Alexander,252-64-8264,"54724 Zavala Skyway Suite 758
Henryside, WI 44503",Y,hours
624,Jennifer Horne,279-82-0439,"33231 Guzman Knoll Apt. 431
West Kristenland, VA 34769",N,hours
625,Amy Hernandez,479-64-4755,"7717 Zachary Station Suite 980
Richardmouth, OH 94070",Y,hours
626,Tonya Martin,786-59-7644,"2299 Andrew Forks Apt. 155
Stephaniemouth, IL 80423",N,hours
627,Melissa Beltran,169-04-5253,"73720 Joseph Island Apt. 412
Debramouth, AZ 13009",Y,miles
628,Alan Smith,719-14-2793,"0931 Guerrero Island
North Colleen, IN 24483",Y,miles
629,Mrs. Ashley Cervantes,384-67-1782,"405 Jackson Crossroad
East Christopher, KS 14791",Y,miles
630,Jean Melendez,076-95-0019,"34383 Robert Course Suite 203
Lake Christophershire, WV 22514",N,hours
631,Christopher Horn,869-54-5907,"78039 Melissa Overpass Apt. 592
East Toddmouth, VA 48800",Y,miles
632,Timothy Briggs,053-16-0300,"18265 Davis Falls
New Elizabethtown, KS 05980",N,miles
633,Kimberly Oconnor,556-77-0130,"962 Anderson Fork Apt. 461
Lake Jennifer, VT 14226",N,hours
634,Brandon Hall,173-68-8347,"28621 Keith Dam Apt. 923
Palmershire, CT 97454",N,hours
635,Kim Hawkins,324-36-9065,"063 Knox Square Suite 728
North Shannonshire, WY 07945",N,hours
636,Mark Robles,236-25-6667,"1290 Ian Islands Suite 949
Masseyberg, SC 35689",N,hours
637,Jennifer Black,538-17-8779,"361 Novak Glens
Paulside, PW 80541",N,hours
638,Pedro Keith,228-40-2031,"683 Johnson Flat
West Julie, DC 44308",N,hours
639,David Knight,069-02-6874,"801 Michael Place Apt. 310
North Adamstad, WA 50848",Y,hours
640,Amanda Romero,520-08-6167,"PSC 2857, Box 4608
APO AE 78133",N,miles
641,Jessica Moore,163-20-8634,"305 Austin Curve
Davidfurt, ID 15031",Y,hours
642,Denise Kirby,545-85-9458,"1303 Hurst Light Suite 535
South Scottview, MA 09386",N,miles
643,Phillip Snyder,568-72-8374,"0705 Morris Lake
Petersonburgh, CT 73925",Y,hours
644,Jason Wilson,755-06-2774,"7125 Castillo Ville Suite 507
Ariasview, FL 79376",Y,hours
645,Deborah Oneill,256-81-7957,"40611 Richard Fields
Wushire, AZ 21547",N,miles
646,Lori Duffy,831-09-5541,"Unit 1815 Box 8141
DPO AE 66706",N,hours
647,Robert Donaldson,617-15-0343,"12108 Davis Road
Port Kenneth, ND 39439",N,hours
648,Emily Turner,810-83-9772,"580 Lopez Village Apt. 655
Hardinbury, SC 25299",Y,miles
649,Danielle Perez,787-90-2877,"Unit 3197 Box 0749
DPO AP 19243",N,hours
650,Richard Black,656-91-4299,"Unit 8236 Box 5353
DPO AP 68957",Y,hours
651,Dakota James,490-99-2642,"088 Owens Crossroad
Mckeemouth, CA 14159",N,hours
652,Heather Peters,040-93-5489,"9499 Victoria Lodge
Markchester, KY 06088",N,hours
653,John Newman,272-40-4581,"3298 Michael Shoal Suite 967
South Tiffany, IN 32777",N,miles
654,Geoffrey Scott,541-57-7046,"675 Reilly Forest
East Stephanieport, WI 19636",N,hours
655,Robert Ellis,254-92-2858,"8153 Ashley Locks Apt. 493
Mcdonaldside, GU 07971",Y,miles
656,Daniel Stewart,706-84-3586,"5644 Oliver Keys
Tiffanymouth, VI 75799",N,miles
657,Shannon Hart,447-30-6725,"588 Spencer Junction
North Jennifermouth, MD 04723",Y,miles
658,Emily Bell,589-23-6451,"65946 Tammy Extension
South Gregoryfurt, TN 10217",Y,hours
659,Kristy Rodgers,447-75-3755,"55776 Kaitlyn Harbor Suite 912
East Gregory, NY 80936",N,hours
660,Cory Martin,255-96-8335,"3004 Perez Avenue
Port Bianca, MA 15027",N,miles
661,Michael Castillo,193-53-8096,"USNV Roth
FPO AA 21080",N,miles
662,Gary Hughes,595-51-6641,"2983 Vaughn Cliff
Simsview, FM 60620",Y,hours
663,Gwendolyn Ramos,515-10-2220,"30225 Charles Creek
Michellefurt, SC 91315",Y,miles
664,Kyle Castro,108-41-5933,"1667 Mack Mill
Joelside, HI 63992",N,hours
665,Cassandra Harris,346-03-8156,"Unit 7421 Box 3960
DPO AE 48692",N,miles
666,Kristy Jackson,366-16-7340,"7523 Mitchell Run
South Charlesbury, GA 51279",N,hours
667,Andrew Jackson,739-25-4813,"21136 Oscar Fork Suite 367
South Faith, AS 83175",N,hours
668,Breanna Walton,851-65-0146,"Unit 4557 Box 4395
DPO AP 44787",N,miles
669,David Ross,687-47-1470,"85183 Stone Gateway
South Javierborough, VT 27598",N,hours
670,Vincent Scott,518-66-8405,"022 Gerald Turnpike
East Kimberlytown, LA 57585",Y,miles
671,William Brown,102-44-3280,"000 Brett Street Suite 783
Port Adamview, HI 97304",N,hours
672,Stephanie Bates,152-09-0112,"USNS Stokes
FPO AP 36270",N,hours
673,Bryan Anderson,768-63-0609,"Unit 5687 Box 3497
DPO AP 17525",Y,hours
674,Wendy Cook,538-40-2601,"1377 Taylor Causeway
Kingside, GA 69265",N,hours
675,Michele Hicks,136-59-3816,"4160 Garcia Loop Apt. 233
Martinbury, NH 90971",N,hours
676,Dr. Jermaine Carrillo,144-77-4048,"75010 Williams Meadow
Joport, WI 26769",N,hours
677,Sabrina Mcclain,247-29-5040,"24940 James Trail Suite 446
Rodneyland, MN 34712",N,hours
678,Margaret Pierce,316-12-3872,"2048 Carol Landing
Normanview, WI 06593",N,miles
679,Mr. Mark Meyer II,184-41-0705,"1292 Colleen Station Suite 860
West Charlesstad, HI 06106",Y,miles
680,David Anderson,191-08-3801,"6308 Mandy Street Apt. 763
North Mark, NC 84349",Y,miles
681,Mark Wright,624-93-4122,"65844 Nicholas Knolls
Emilychester, NY 13942",N,miles
682,Mrs. Erica Stanton,316-46-6161,"6262 Roberts Roads
Robertsonview, HI 58284",N,hours
683,Mr. Dalton Kent,567-90-6211,"15791 Williams Summit
South Brycetown, MS 65952",Y,miles
684,Justin Kelley,882-59-5522,"84358 Wang Curve
Madisonbury, IA 22787",N,miles
685,Robert Hodge,518-02-8333,"0908 Bell Park
North Miguelberg, MT 10296",Y,hours
686,Stephen Winters,786-65-8260,"9575 Johnson Ports Apt. 426
Lake Kristin, NC 85437",N,miles
687,Brandy Love,193-12-4770,"8446 Pham Street
West Kellyfort, WI 57777",Y,hours
688,Keith Smith,642-36-0644,"0390 Diaz Ville Apt. 118
Brandonside, ME 04043",N,miles
689,David Buck,711-63-0910,"720 Best Plaza
Taylorshire, SD 99146",N,miles
690,Amanda Garcia,163-63-6644,"53997 Antonio Centers
Lake Benjaminport, NE 06647",Y,hours
691,Amanda Hicks,144-25-3273,"912 Mann Gardens
Bowenside, AS 81702",Y,miles
692,Bernard Taylor,297-49-8864,"898 Richard Mountains Apt. 239
South Justin, PW 12202",Y,hours
693,Taylor Smith,244-43-6601,"178 Lynn Lodge Suite 372
East Peter, KS 59819",N,miles
694,Brad Ramos,271-66-4422,"37627 Ryan Well Apt. 692
Justinside, CT 65107",Y,hours
695,Ricky Griffin,562-57-3772,"45373 Rice Pike
Stewartfort, MO 38916",Y,hours
696,Timothy Cook,306-92-4547,"48153 Ashley Lodge Suite 281
West Maureen, NJ 36795",N,hours
697,Caitlin Heath,127-99-5297,"17687 Brandi Turnpike Apt. 956
Port Jodiside, PW 12708",N,miles
698,Melissa Grant,315-16-0247,"289 Susan Trace
Christopherfort, CT 16416",Y,hours
699,Jonathan Williams,079-20-7829,"032 King Stravenue
Tracyville, TN 44590",N,miles
700,John Bray,328-19-7665,"549 Lee Plain Suite 328
Jamesport, GA 86907",N,hours
701,Madison Hensley,513-31-3600,"09494 Dudley Via
South Regina, AS 49070",Y,miles
702,Christopher Dixon,800-49-6243,"44377 Nancy Creek
Jonesfort, SD 52010",N,miles
703,Kristin Simmons,632-49-1838,"2138 Cook Walks Suite 225
Lake Nicoleshire, GU 62499",N,miles
704,Ashley Rios,244-49-0103,"USNS David
FPO AA 81726",N,miles
705,John Munoz,574-14-3051,"97090 Brown Locks
Shawnville, OK 06817",Y,miles
706,Cory Dickerson,134-41-3431,"2455 Bruce Estate
Port Zachary, UT 45297",Y,miles
707,Carl Olson,064-93-4117,"301 John Village
South Joy, HI 60564",N,hours
708,Karen Robinson,798-04-5949,"07122 Walton Stream
Watsonport, WA 21668",N,hours
709,Andrew Zimmerman PhD,683-90-1166,"54653 Smith Greens Apt. 383
Stephaniefort, AR 72592",N,hours
710,Darrell Wright,135-94-2891,"9399 Farrell Forks
East Toni, LA 33900",N,miles
711,James Phillips,372-85-0665,"87201 Mckay Inlet Suite 358
Jessicamouth, PW 80590",N,hours
712,Julia Gutierrez,379-93-8220,"91805 Michele Pass Apt. 726
Millermouth, AZ 36318",Y,hours
713,Denise Mcmahon,028-91-6091,"9753 Brad Center Apt. 614
Carolynshire, TN 44746",N,hours
714,Ernest Barr,492-75-8136,"87234 Bobby Mall
Port Nathaniel, UT 14431",Y,miles
715,James Trujillo,480-22-4419,"56293 Robert Plaza
Emilymouth, AZ 60093",N,hours
716,Erica Martin,836-91-4279,"6982 Weiss Club
Danielview, UT 28933",Y,miles
717,Valerie Payne,201-24-6467,"290 Roberts Spurs Apt. 323
Wardburgh, TX 36079",Y,miles
718,Laura Hinton,574-69-7486,"8940 Brett Lodge
New Sherri, TX 87622",Y,hours
719,Cindy Gomez,378-60-4286,"119 Phillips Burgs Suite 159
Lake Christopherview, MP 57775",Y,hours
720,Andrew Hughes DVM,542-48-2250,"1070 Curtis Ports Suite 584
Port Andreamouth, GA 31997",N,hours
721,Lauren Bowen,124-19-3346,"6322 Ryan Terrace
East John, VT 40526",N,miles
722,Robert Phillips,880-16-0406,"290 Silva Freeway Suite 171
New Elizabethshire, MH 03770",Y,miles
723,Heidi Yates,657-85-7053,"0268 Cynthia Knolls Suite 717
New Seantown, AZ 48353",Y,hours
724,Joseph Young,020-79-4754,"PSC 0983, Box 3277
APO AE 88408",Y,hours
725,Maxwell Cook DDS,440-14-3881,"7628 Destiny Ports Suite 242
East Edward, TN 42210",Y,miles
726,Kristin Price,822-44-4490,"5140 Patrick Roads Suite 598
Jillianland, AZ 15746",Y,hours
727,Corey Stewart,036-90-5266,"187 Andrews Crossroad
Port Jasonberg, PW 81901",Y,hours
728,Joseph Saunders,427-84-0898,"88763 John Junction Suite 887
Andreahaven, IL 31271",Y,hours
729,Michelle Boyd,444-67-5558,"92779 Robinson Lights
New Christopher, WV 08522",Y,hours
730,Kristin Roberts,273-60-6673,"996 Pratt Row Apt. 236
North Melissa, WI 10368",Y,miles
731,Katherine Barnes,455-67-3800,"USNS Wallace
FPO AE 72539",N,hours
732,Timothy Morrison,406-19-2431,"633 Valencia Crossroad
Baileyport, PA 92463",N,miles
733,David Phillips,891-66-3055,"220 Austin Crossing Suite 179
New Matthewview, KS 72301",N,hours
734,Lisa Clements,076-68-8863,"USCGC Collins
FPO AA 91616",N,hours
735,Timothy Trujillo,667-56-6706,"95910 Joseph Common
South Maxwell, NE 97927",Y,miles
736,Marcus Peters,132-51-3121,"839 Finley Point Apt. 333
Richardport, MA 05400",N,hours
737,Barbara Rogers,816-30-0939,"4793 Acosta Station Suite 516
Lake Deborah, SD 18399",N,miles
738,Theresa Chambers,820-87-4121,"6557 Sara Mission
Cooperfort, PR 18534",Y,miles
739,Amy Hopkins,536-46-6277,"27558 Melton Canyon
Janetborough, IA 21361",N,hours
740,Tina Oliver,069-59-5594,"203 Ray Oval Apt. 140
Andrewborough, RI 51499",Y,hours
741,Adam Ross,457-18-0210,"11515 Jeremy Drive
Monicaville, AS 97198",N,hours
742,Sharon Nelson,357-28-6296,"905 Rodriguez Mission Apt. 000
Evanston, MT 94985",N,hours
743,Richard Sanders,287-20-2776,"4087 Charles Parkway
Josephside, KS 21844",N,miles
744,Gary Wang,827-97-3297,"000 Johnathan Dam Suite 018
Berrystad, CA 11469",Y,miles
745,Scott Carr,163-22-9293,"04034 Kathleen Glen Apt. 965
Hardinton, TX 18672",N,hours
746,Jacob Hays,700-42-6002,"79611 Stewart Creek
Kevinbury, TX 35929",Y,hours
747,Douglas Perry,559-10-2282,"874 Wilson Brooks Apt. 765
Lake Stephen, MT 42462",Y,miles
748,Mr. Michael Campbell,347-67-6213,"61417 Steven Lights
North Meganfort, WI 04034",N,miles
749,Pamela Martin,196-84-0970,"PSC 2204, Box 2970
APO AP 34916",Y,hours
750,Bonnie Perez,621-33-6999,"87502 Black Turnpike Suite 535
West Ryanchester, MS 40665",N,miles
751,Shelby Mitchell,127-55-6797,"0720 Hailey Curve
New Katherinemouth, SD 90853",Y,miles
752,Cheryl Simon,292-43-7082,"53582 Bates Mews
Port Casey, VI 19794",Y,hours
753,Amanda Ochoa,290-63-8287,"282 Mark Club
Scottshire, MS 02348",Y,hours
754,Amy Roman,664-92-3711,"105 Joshua Creek
Millerfort, LA 46068",Y,hours
755,Dr. Joseph Johnson Jr.,592-55-1543,"42386 Brown Isle
South James, RI 51580",Y,miles
756,Michael Roberts,108-48-2581,"39922 Lisa Springs
Pattersonmouth, NH 08528",Y,miles
757,Aaron Day,455-64-9364,"PSC 7508, Box 1364
APO AA 63252",N,hours
758,Kelly Jackson,674-33-4838,"Unit 1048 Box 5418
DPO AE 86661",N,miles
759,Wendy Guzman,414-89-5724,"6294 Jones Haven Suite 007
Davidhaven, RI 76397",N,hours
760,Christian Gutierrez,065-01-1931,"13425 Richardson Greens Apt. 165
Williamsland, NV 65227",N,hours
761,Katie Wilson,833-77-5899,"5805 Mclaughlin Pine
Johntown, RI 42284",Y,miles
762,Sean Hayes,567-53-7182,"9926 Walker Ports Apt. 765
Jenniferton, WA 28153",N,miles
763,Alicia Jackson,413-72-6061,"53429 Anthony Well
Turnerland, WV 47145",N,hours
764,Sean Mitchell,447-06-1557,"8885 Laura Rue
Lindastad, ND 02233",Y,hours
765,Arthur Mooney,014-49-3823,"71180 Ruiz Forest
North Bryan, NM 18164",Y,miles
766,Mason Hanson,285-37-9726,"41258 Autumn Mews Suite 071
Heidiberg, AL 54013",N,miles
767,Arthur Schneider,828-87-1133,"3819 Martin Square
Port Lisabury, OH 18579",Y,miles
768,John Wells,281-27-1093,"382 Elizabeth Loaf Apt. 390
Port Robertberg, NY 03891",N,miles
769,Kevin Mejia,861-35-6467,"916 Schmidt Canyon
West Kayla, AK 46497",Y,miles
770,Alicia Le,098-20-6462,"USCGC Perez
FPO AP 87566",N,hours
771,Tina Miller,350-09-1314,"27051 Philip Crescent Suite 465
South Jennifer, DC 80681",N,hours
772,Tracey Beltran,321-69-6339,"1802 Jeffrey Crest
Andersonburgh, NE 40501",Y,miles
773,Mark Mahoney,637-70-3846,"718 Murray Extensions
Tammyfort, DE 56871",Y,miles
774,Jacob Atkinson,869-71-5267,"73454 Jackie Knolls
Cruzborough, WA 32905",N,hours
775,Nicole Peters,545-88-7219,"USS Gomez
FPO AA 86707",Y,hours
776,Brenda Rush,009-91-9405,"167 Daniel Union Apt. 671
West Jennifer, KS 34632",Y,miles
777,Matthew Smith,049-16-2049,"37160 Bailey Crest Apt. 512
West Nicholas, CA 99552",N,miles
778,Aaron Best,450-27-4004,"905 Barnes Square
Lake Audrey, PW 90173",N,hours
779,Michelle Harrington,568-28-7660,"1122 Caldwell Flat
North Amandaberg, NH 79389",Y,hours
780,Robert Mann,211-85-7200,"46974 Brittany Fields
New Kimberly, MD 33474",Y,hours
781,Robert Hammond,517-85-9340,"4061 Amanda Manor Apt. 037
Warrenland, CA 55669",Y,miles
782,Allison Brown,803-34-8140,"8228 Ballard Rapids
North Scottton, WI 51353",N,hours
783,Nicholas Allen,110-45-8073,"26981 Robert Light
Rickhaven, VA 13694",Y,miles
784,Brittany Gonzalez,152-41-2332,"4665 Monica Pass Suite 175
South Amy, NH 44298",N,miles
785,Robert Foster,645-91-0581,"USCGC Jackson
FPO AA 04295",N,miles
786,Michelle Jones,682-33-2032,"76507 Adams Junctions Apt. 640
South Philip, NH 77280",Y,hours
787,John Butler,446-62-1567,"7862 Elizabeth Bridge
Port Stephanie, ND 51953",Y,hours
788,Casey Mann,234-89-5139,"USS Martinez
FPO AP 68226",Y,hours
789,Karen Moss,430-02-7956,"6489 Amanda Ridges Apt. 217
North Kristin, MD 61318",N,miles
790,John Trujillo,079-03-4072,"24556 Wagner Avenue
West David, MT 80673",Y,miles
791,Jonathan Coleman,490-06-2409,"6857 Curry Drive
Lynchtown, AS 32416",N,miles
792,Anita Dickerson,076-01-4167,"273 Kenneth Summit
Lewistown, IL 52774",Y,hours
793,Andrew Brown,416-26-0181,"367 Timothy Glens Suite 655
Costaberg, ND 82965",Y,hours
794,Dr. Kristin White,667-65-7621,"70261 Haney Lake
Lake Christopher, IN 22458",Y,hours
795,Jose Lozano,534-17-2359,"9459 Peterson Village
West April, HI 43315",Y,miles
796,Kerri Tate,458-27-7047,"796 Danielle Summit
Port Brittanyshire, FM 18937",Y,hours
797,Michael Jordan,153-37-3509,"81553 Johnson Spurs Suite 272
Brownberg, TN 81471",Y,hours
798,Robert Franco,668-71-2401,"PSC 2529, Box 4690
APO AE 42662",N,miles
799,James Reyes,578-10-0374,"356 Lewis Viaduct Apt. 689
South Rodney, IA 22633",Y,hours
800,Joyce Paul,015-75-4707,"811 David Dam Suite 006
East Timothyfort, ME 35958",N,miles
801,Martin Klein,117-68-1206,"78186 Robles Curve Suite 062
North Elizabethberg, OR 18223",Y,miles
802,Beverly Johnson,898-43-0452,"84987 Johnson Center
Clarkhaven, NY 35632",Y,miles
803,Nicholas Castillo,873-66-0530,"549 Johnson Village Suite 610
New Christopher, MO 23181",N,hours
804,John Johnson,311-91-2256,"65752 Smith Inlet Apt. 105
Port Lisa, OK 52976",Y,hours
805,Peggy Luna,686-43-9866,"650 Dyer Knoll Suite 472
Alexanderhaven, NJ 32316",N,miles
806,Jorge Poole,356-77-3414,"3781 Johns Flat Suite 366
Robertbury, WV 41431",N,miles
807,Deborah Johnson,754-66-7516,"048 Martin Plaza Suite 526
Bensonport, AK 62365",N,miles
808,Heather Church,181-93-4400,"269 Tracy Passage
South Bianca, PW 32920",N,hours
809,Desiree Kelly,584-96-9418,"6089 Barbara Mission Apt. 416
Edwardsburgh, KS 15379",Y,miles
810,Keith York,593-08-5403,"084 Dana Rapid
North Ann, TN 06693",N,miles
811,Michael Lynch,535-01-1761,"33209 Williams Expressway
New Frankstad, KY 72736",N,hours
812,David Ashley,515-96-0456,"USNS Rodgers
FPO AE 37376",N,miles
813,Jeffrey Johnson,138-69-0907,"009 Leslie Mall
North Michelleview, MH 26414",N,hours
814,Lori Page,408-91-0665,"6838 Powell Meadow Suite 313
New Jay, IA 84941",Y,hours
815,Steven Cook,132-22-9745,"088 Rhonda Valley Suite 827
North Emily, MD 95542",N,hours
816,Joseph Pierce,293-15-0833,"693 Adams Square
Richardberg, AZ 59943",N,miles
817,Robert Tyler,122-47-3271,"928 Marc Courts
Matthewtown, AR 43988",N,hours
818,Christina Mills,578-97-9947,"458 Mcgee Trail
Mendozaport, TN 49862",Y,hours
819,Sheila Bryant,175-87-3839,"USNS Long
FPO AE 60487",N,miles
820,Samuel Pierce,093-11-1855,"PSC 4188, Box 5172
APO AE 23298",N,hours
821,Charles Watson,826-47-7883,"6161 Jordan Avenue
Lake Logan, AL 13653",N,hours
822,Linda Casey,801-42-5084,"USS Klein
FPO AP 60226",N,miles
823,Keith Harper,134-40-8520,"795 Meadows Harbors Apt. 163
Lake Jamesmouth, IL 83969",N,hours
824,Jamie Johnson,675-88-8806,"41269 Miller Fords
South Louismouth, MP 84898",Y,miles
825,Leslie Pineda,237-09-2581,"06170 Reeves Vista
Edwardville, SC 46881",Y,hours
826,Eric Kelly,758-04-4103,"23686 Glover Square Suite 821
Port Cindytown, DE 65656",N,hours
827,Wayne Austin,883-13-2586,"7014 Adams Rapid
Flynnfurt, FL 29746",Y,hours
828,Jorge White,632-22-3681,"5606 Nicholas Club Suite 112
South Rickymouth, IA 64392",Y,hours
829,Cheryl Lawson,410-42-1982,"115 Stokes Alley
West Denise, NY 68389",Y,hours
830,Cheryl West,800-89-5721,"52351 Oconnor Forge Suite 475
Westton, MD 07884",Y,miles
831,Mrs. Kristen Salas,378-52-1165,"952 Jennifer Drive Apt. 704
North Davidshire, CT 08377",Y,miles
832,Terry Melendez,073-03-4353,"400 Stone Mountain
Willisfort, PW 85226",Y,miles
833,Kelsey Glass,041-49-8092,"USNS Orr
FPO AE 37604",N,miles
834,Taylor Rodriguez,629-48-5457,"8719 Sarah Street Suite 834
West Meagan, NM 70348",Y,hours
835,Jimmy Best,606-78-4836,"283 Thompson Mount
New Gabriellehaven, IL 25644",Y,miles
836,Julie Kennedy MD,482-66-9251,"85872 Palmer Crossroad
Ramosview, AZ 57085",N,hours
837,Kelly Zhang,272-99-0022,"1342 Serrano Skyway Apt. 152
Rogersborough, AR 93190",Y,miles
838,Mark Zamora,081-30-6988,"3129 Claudia Park Apt. 319
Lake Timothy, MN 58535",Y,miles
839,Daniel Lowe,192-67-6619,"3325 Nicholas Canyon
Adamville, AK 46155",N,hours
840,Lindsay Torres,862-26-2642,"USCGC Miller
FPO AA 74525",Y,hours
841,Timothy Brady,308-46-7116,"893 Allison Trail
Clarkville, MA 88315",Y,miles
842,Tricia Clark,118-93-6417,"368 Lane Crescent Suite 122
East Jenniferville, MN 97528",Y,miles
843,Paula Coleman,280-63-5251,"65722 Carpenter Mountain
Cantuland, MD 57381",N,miles
844,Adam Bradford,210-56-3197,"45053 Blackwell Radial Apt. 229
Brownside, NY 34906",Y,hours
845,Mrs. Crystal Lewis,489-60-6724,"22790 Turner Passage
East Jessicamouth, NH 38653",N,hours
846,Lauren Hernandez,896-70-1199,"Unit 8211 Box 9020
DPO AP 50868",N,miles
847,Bryan Arnold PhD,078-48-0301,"139 Johnson Place
Johnstonside, WY 42586",N,hours
848,Cynthia Kelley,797-03-4244,"778 Moore Orchard Suite 544
Andreashire, OK 69213",Y,miles
849,Arthur Murray,559-14-1834,"6930 Richard Forges
Reneeburgh, MN 24337",N,miles
850,Steven Benitez,285-30-4476,"2136 Pacheco Vista
Dunnshire, HI 26788",Y,hours
851,Samantha Allen,870-98-0450,"243 Dickerson Drive Apt. 346
Christineburgh, FL 86596",N,miles
852,Brandon Hardin,378-10-1281,"USNV Johnston
FPO AE 46802",Y,miles
853,Alyssa Daniels,086-26-5120,"218 Perez Stream Apt. 941
Lake Brendachester, NM 89767",Y,hours
854,Andrea Casey,526-39-8228,"022 Adam Bypass Apt. 014
South Danielland, PR 89191",Y,hours
855,Peter Morton,016-75-9324,"3991 Sandoval Lodge
West Kyleview, MH 09353",N,miles
856,Renee Snow,476-86-9380,"75830 Moore Walk Apt. 464
North Jonathanmouth, VA 01840",Y,miles
857,David Jones,311-54-5744,"640 Jennifer Summit
Christopherview, ME 85558",N,hours
858,Penny Hall,533-88-7428,"PSC 8414, Box 1986
APO AE 32267",Y,hours
859,Phillip Jordan,192-37-0964,"Unit 6074 Box 5252
DPO AA 85735",N,hours
860,Zoe Lewis,071-46-9284,"5681 Jamie Loaf
Albertbury, AK 61190",Y,hours
861,Heather Odom,572-10-4912,"891 Sharon Squares Suite 635
Smithfurt, AZ 14756",Y,miles
862,Betty Hull,711-78-2386,"7008 Bowman Divide
Barnesmouth, KY 32233",N,miles
863,Connie Rogers,200-36-2833,"PSC 6007, Box 0225
APO AP 19116",Y,miles
864,April Martin,241-91-4392,"USCGC White
FPO AA 35220",N,hours
865,Adam Anderson,360-70-6659,"3204 Ramirez Bridge
Maxchester, AZ 56472",Y,hours
866,Roger Dixon,186-34-7800,"990 Franco Spring
Port Benjaminmouth, UT 20959",Y,miles
867,Miss Ashley Velez DDS,572-75-4818,"5883 Williamson Spring Apt. 880
West Madisonburgh, MD 33962",N,hours
868,Adrian Austin,410-52-2290,"270 Rachel Trail Apt. 969
Lake Lesliebury, WV 88242",N,hours
869,Douglas Poole,729-14-8912,"2042 Oneal Plain
South Travisview, NC 70730",N,hours
870,Jacqueline Mullen,105-12-0646,"99509 Chung Extension
South Jeffland, VI 94434",Y,hours
871,Jacqueline Cox,381-94-6498,"6203 Allen Plain Suite 229
Andersonville, VT 58540",Y,miles
872,Kathryn White,749-06-3299,"41134 Mark Crescent
Matthewsville, CT 42440",Y,hours
873,Steven Hartman,656-30-0993,"173 Underwood Club Suite 880
Armstrongview, ID 48665",Y,miles
874,Brittany Hernandez,876-03-4188,"5767 Leonard Knoll Apt. 570
Carriestad, WV 80928",Y,miles
875,Angelica Monroe,435-79-6748,"156 Evans Port Apt. 403
New Jonathanstad, MP 79041",N,miles
876,Kyle Young,098-70-2141,"34773 Wise Forks Apt. 748
North Larry, UT 41851",Y,miles
877,Kerri Garcia,663-93-9512,"54859 Gregory Junction
New Christophermouth, UT 99079",N,hours
878,Tara Chapman,683-52-2569,"USS Munoz
FPO AP 69596",Y,miles
879,Kyle Turner,313-95-9344,"57856 Jessica Mills Apt. 541
Williamshaven, DE 34972",Y,hours
880,Dr. Jacob Porter,407-82-4871,"913 Joel Forge Suite 632
Derekton, OK 84255",Y,hours
881,Christie Higgins,019-49-9716,"9820 Michael Glen Apt. 369
Grahamtown, MS 45481",Y,miles
882,Richard Reyes,684-15-6615,"5809 Shannon Ferry
North Elizabeth, TX 20594",N,hours
883,Dennis Wilson,691-73-6881,"579 Brown Avenue
East Jasonhaven, HI 82592",N,miles
884,Brian Jackson,421-57-8364,"36668 Olson Streets
Matthewborough, VT 96836",Y,miles
885,Rick Newman,422-75-5790,"4907 Michelle Stravenue
Lake Jasonton, CA 52812",Y,miles
886,Robin Jackson,027-68-3569,"514 Leah Estate Apt. 800
Oconnorside, NH 36311",Y,hours
887,Ashley Moss,512-25-5023,"64508 Patel Tunnel Apt. 896
South William, MD 23269",N,hours
888,Michael Parker,120-85-1962,"61132 Kirby Locks Suite 330
New Rachel, GA 10044",Y,miles
889,Robert Bradshaw,620-93-1949,"29642 Johnson Light Suite 334
Port Paulashire, IA 08082",N,hours
890,Benjamin Greene,404-68-2472,"633 Donna Keys Apt. 908
Lisaside, PW 26506",N,miles
891,Willie Willis,734-25-2233,"20645 Brown Hill Apt. 483
Claytonberg, ID 87540",N,hours
892,Matthew Smith,215-86-3320,"1579 Johnson Neck Apt. 049
North Frank, OH 34348",Y,miles
893,Gary Medina,103-49-3827,"75344 Perez Lakes
Loriburgh, VT 40766",Y,hours
894,Daniel Morse,090-91-9264,"5979 Johnson Walk Apt. 677
Jamesport, VA 56657",Y,miles
895,Jessica Fowler,425-59-3535,"265 Jeremiah Groves
Danafurt, NH 47142",N,hours
896,Kathleen Mann,226-12-2352,"8079 Smith Views Apt. 369
West Johnbury, VI 46112",Y,miles
897,Jose Ray,157-74-0207,"329 Ruiz Throughway
Jamesville, MA 42124",Y,hours
898,Barbara Nguyen,255-37-6049,"54968 Acosta Knoll Apt. 440
Wongstad, VI 15758",N,miles
899,Sierra Harrell,243-98-9499,"70362 Gutierrez Ridge Apt. 634
Traceyland, TX 93309",N,miles
900,Francis Young,855-90-5291,"9464 Jackie Parks
North Christina, CA 87375",Y,miles
901,Kelsey Morris,251-21-2766,"PSC 4842, Box 5946
APO AP 67428",N,hours
902,Heather Vance,576-15-1421,"Unit 3909 Box 0168
DPO AE 46012",Y,miles
903,Rebecca Jensen,779-94-7418,"898 Kayla Terrace Suite 346
Francishaven, VI 01689",Y,hours
904,Janice Park,239-56-4230,"60011 George Stream Apt. 518
Shellyborough, WA 09732",N,hours
905,Allen Compton,379-21-0518,"6446 Blair Isle Apt. 722
Larsonton, DE 63900",Y,hours
906,Pamela Leblanc,724-48-5497,"Unit 5087 Box 4381
DPO AE 43380",N,hours
907,Amy Jennings,466-37-3268,"188 Jennifer Underpass Suite 195
Thomasshire, DC 27201",N,hours
908,Kristine Martin,036-98-6902,"65963 Harrell Hills
Ericfort, MT 43878",N,miles
909,Joann Gould,119-29-7695,"19698 Christopher Causeway Apt. 353
Maryfort, MD 83504",N,miles
910,Kristen Martin,011-77-7956,"PSC 5684, Box 8173
APO AP 74882",Y,hours
911,Lori Snyder,688-96-7113,"66164 Wiley Village Apt. 711
Millershire, PA 59664",N,miles
912,Dustin Molina,138-71-4136,"287 Marcia Tunnel Apt. 686
Lake Allison, MP 53199",Y,miles
913,Ronald Rodgers,521-87-6217,"846 Bond Ford
Fuentesland, MD 18294",Y,miles
914,Natalie Dixon,354-01-0227,"Unit 8519 Box 6446
DPO AP 48889",N,hours
915,Matthew Farrell,830-05-9381,"2845 Phillips Freeway
Russellburgh, TX 10242",Y,hours
916,Roger Wilson,455-44-1420,"579 Ray Street Suite 534
Simmonschester, HI 28694",N,miles
917,Megan Ellis,187-92-3218,"083 Michael Unions Apt. 543
Tammychester, OK 74268",N,hours
918,Lisa Espinoza,866-14-1299,"USNV Knight
FPO AE 25417",Y,miles
919,Jason Davidson,328-80-8048,"786 Hunt Throughway
West Christianville, NC 38619",Y,hours
920,Dr. Samantha Horn,034-45-7979,"33528 Katherine Crossing
Amyport, KS 44241",Y,miles
921,Mary Garcia,580-29-1666,"757 William Tunnel
Sandraview, WV 58015",Y,miles
922,Frank Wu,558-75-2525,"853 Griffin Walk Apt. 831
East Brandon, TN 36683",Y,miles
923,Christopher Austin,116-33-0423,"3859 Jack Greens Apt. 330
New Lisa, WA 71971",Y,hours
924,Sara King,656-28-8155,"220 Vasquez Centers
Franklintown, OR 35519",N,hours
925,Cheryl Hodges,372-53-4310,"5650 Thomas Villages Suite 686
Monicamouth, IN 05261",N,miles
926,Sandra Faulkner,633-18-0155,"5091 Blackwell Parkways Apt. 673
North Megantown, WY 36564",N,miles
927,Justin Shields,434-96-7090,"41080 John Radial
East Stephanie, PR 33806",Y,hours
928,Melissa Bowman,018-11-5509,"45874 Jack Isle
Floydshire, ME 06895",N,hours
929,Christina Smith,128-88-9789,"508 Lynch Ridges
Murrayborough, MN 56461",N,miles
930,Henry Wright,287-40-2306,"183 Samuel Cliffs Apt. 144
Greenefort, SD 81940",Y,miles
931,John Medina,444-73-2410,"Unit 7279 Box 7481
DPO AA 80191",Y,hours
932,Jennifer Horton,836-47-3883,"32004 Melissa Rest Suite 207
East Deborah, NH 88815",Y,miles
933,Jonathan Williams,759-79-2467,"Unit 3737 Box 1815
DPO AA 90508",Y,miles
934,Dustin Garza,262-19-9418,"6644 Michelle Corners Apt. 636
West Josephhaven, SD 02468",N,miles
935,Steven Ochoa,623-34-3906,"USS Floyd
FPO AP 44825",Y,miles
936,Autumn Sanchez,053-18-2056,"56713 Benjamin Divide
New James, GA 97753",N,hours
937,Lindsay Stevenson,339-61-1440,"558 Douglas Tunnel
South Nicholas, DE 41155",N,miles
938,Crystal Gordon,531-68-1685,"668 Oscar Rest Apt. 494
Jillton, PA 46897",N,hours
939,Michael Ortiz,614-60-7648,"2442 Rodriguez Spur Apt. 342
Taylorville, WA 45803",Y,hours
940,Amy Turner,541-57-1111,"PSC 8705, Box 8561
APO AP 60106",N,miles
941,Susan Lee,369-32-9945,"USNS Wilson
FPO AE 97977",Y,miles
942,Melissa Carlson,094-48-6249,"72163 Williams Manors Apt. 027
Lake Amanda, UT 66224",Y,hours
943,Robert Ibarra,493-01-3452,"182 Stephanie Village Suite 245
Port Janetbury, AR 44392",N,hours
944,Christopher Bowen,234-93-5043,"97716 Nicole Heights Apt. 276
West Rhonda, WY 34454",Y,miles
945,Frank Oconnell,513-50-0222,"0350 Joseph Lane Suite 387
Perryton, OR 81376",Y,miles
946,Destiny Jones MD,099-85-3714,"59046 Johnny Centers Apt. 093
New Jamiehaven, ID 41851",N,hours
947,Kevin Alvarado,276-90-0159,"4320 Michael Unions Suite 635
Lake Ronald, OK 28811",Y,miles
948,Taylor Montgomery,673-76-6673,"85084 Pamela Squares Apt. 574
Brendanmouth, MO 67905",N,miles
949,Adrian Allen,324-58-9889,"801 Shirley Circle
New Marie, ID 76759",N,miles
950,James Williams,100-07-8039,"01360 Tyler Knoll
Brockchester, NC 71954",Y,miles
951,Joseph Wilson,254-21-6529,"73851 Scott Squares Suite 637
South Douglas, UT 39349",N,miles
952,Lauren Turner,468-59-3338,"50722 White Plain Apt. 678
Kennedyborough, MI 27096",N,hours
953,Joy Miller,037-24-7693,"85789 Taylor Rue Apt. 842
East Williamfurt, AZ 67133",N,miles
954,Shannon Lee,168-32-4876,"988 Joseph Mountains Apt. 080
Thomasborough, MN 23584",Y,hours
955,Melissa Bowen,637-87-4547,"554 Michelle Plaza
Loweborough, MS 55413",N,hours
956,Kelly Allison,691-95-9117,"60318 Bridget Brook
Lake Michael, MN 39062",Y,miles
957,Dennis Haas,285-79-9239,"7354 Butler Valley
Danachester, NH 91566",Y,miles
958,Sarah Charles,853-81-7874,"036 Torres Brooks
Port Cynthia, NC 11641",N,miles
959,Paul Meyer,592-40-8770,"80437 Ho Walk Apt. 852
Darrenland, MO 92854",N,miles
960,Jerry Marsh,551-31-2170,"13203 Scott View
West William, CO 12130",N,miles
961,Cody Gibson,200-38-1831,"0729 King Lock
Hernandezport, MA 41773",N,hours
962,Garrett Hayes,293-27-8824,"9886 White Track
New Stevetown, OR 57898",N,hours
963,Marie Gonzalez,386-73-1678,"636 William Lane Apt. 418
New Parkerberg, MS 94312",Y,hours
964,Brian Ramsey,103-41-8872,"699 Jason Field
Port Tanya, DE 40046",N,hours
965,Michael Casey,001-10-4697,"Unit 2925 Box 1981
DPO AA 67173",N,hours
966,Jesus Bentley Jr.,372-36-3351,"0644 Kiara Place Suite 610
Anthonyfurt, IN 20240",N,miles
967,Maria Brooks,267-96-6726,"2179 Olivia Fort
West Jeffreyfort, VT 28150",Y,miles
968,Tammy Ramirez,302-48-2097,"USNV Barber
FPO AE 04319",N,hours
969,Adam Barrera,226-11-3149,"0764 Hannah Crossroad
South Samanthaville, PR 38744",Y,miles
970,Kristina Robinson,196-75-4262,"622 Craig Place Apt. 798
Watsonshire, WA 73265",N,hours
971,Joan Foster,282-94-9626,"820 Fitzgerald Gardens Apt. 383
Hendersonside, WV 68039",N,miles
972,Stephanie Allen,627-52-1783,"00340 Megan Spring
Adamsville, UT 74704",N,hours
973,Lisa Gregory,056-12-6608,"74776 Martin Street
Harrishaven, IA 50815",Y,miles
974,Dr. Chad Brown MD,201-87-0546,"025 Webb Wells
Robinsonmouth, MO 08570",Y,miles
975,Mrs. Jackie Richardson,239-60-4954,"6020 Marshall Coves Apt. 095
Smithport, SC 92766",N,hours
976,Jenna Brown,159-93-9857,"8057 Rhonda Highway Apt. 586
East Adam, LA 82539",N,miles
977,James Thompson,865-53-0861,"3050 Everett Road Apt. 339
Michaelport, IL 65390",Y,miles
978,Anthony Mcdonald,527-75-2137,"2872 Gregory Station
Port Krista, OH 37888",Y,miles
979,Jennifer Barnett,841-74-5547,"17532 Larry Shoals Suite 922
South Renee, RI 42792",N,hours
980,Ryan Griffin,418-29-1613,"027 Gary Streets Apt. 123
Lake David, MT 28257",Y,miles
981,Larry Bryant,480-18-2200,"1707 Morse Light
Mcneilville, NV 91553",N,miles
982,Marcus Webb,469-99-3686,"2930 Glass Junction
Bryanfort, KY 95099",Y,hours
983,Alexander Garcia,178-27-2640,"212 Jimmy Creek Apt. 662
South Jeffrey, IA 16312",N,hours
984,Nicholas Payne,268-47-1275,"48216 Young Shore Suite 126
Juarezville, DE 76258",N,hours
985,Kimberly Harris,097-80-0304,"Unit 9827 Box 4219
DPO AA 30277",N,miles
986,Brandon Cox,328-76-6130,"Unit 2895 Box 7425
DPO AA 46037",N,hours
987,Rhonda Hamilton,799-42-7819,"PSC 2694, Box 2855
APO AP 25636",Y,miles
988,Francisco Stevenson,735-91-5286,"Unit 8675 Box 2921
DPO AE 71089",Y,miles
989,Kerry Smith,649-71-1777,"38278 Michelle Locks
Lisaton, UT 90473",Y,miles
990,Donna Bowen,839-29-4460,"96635 Caldwell Dale
Matthewmouth, IA 88480",N,miles
991,Jamie Munoz,115-77-5328,"89649 Wood Run
Welchberg, IA 07336",N,hours
992,Jessica Wells,862-04-0257,"14078 Annette Forge
East Michaelfurt, SD 43757",Y,hours
993,Ashley Thomas,250-95-3681,"PSC 6002, Box 2302
APO AE 80532",N,miles
994,Sean Mclaughlin,879-10-5166,"7204 Smith Springs
North Jason, ID 92889",N,hours
995,Michael Haas,626-99-5284,"2951 Farley Lodge Suite 369
East Alec, PA 26653",Y,hours
996,James Ponce,517-37-1118,"57027 Gilbert Squares
North Dwayne, MT 29257",Y,hours
997,Ann Rose,426-87-7076,"076 Hill Park Apt. 479
Lake Jennifer, KS 94148",N,miles
998,Kyle Hardy,321-64-4291,"49125 Hayes Wells Apt. 453
Port Audrey, WY 38373",N,hours
999,Patrick Lewis,048-38-5469,"27664 Lynn Square
Lake Davidburgh, KS 44618",Y,miles
1000,Martin Ruiz,642-61-5561,"18380 Troy Loaf
East Trevor, AZ 25649",N,miles
1001,Tyler Kent,276-28-1738,"USNV Cardenas
FPO AE 25351",N,hours
1002,Robert Vega,047-16-2571,"572 Walker Inlet
Gardnerland, LA 69188",N,hours
1003,Victoria Ford,374-56-8387,"79909 Gary Manor
Lake Adamburgh, VA 68678",N,miles
1004,Nicholas Carroll,205-88-8216,"112 Brittany Causeway
Donaldmouth, RI 28655",Y,hours
1005,Thomas Parks,371-13-0096,"USS Hernandez
FPO AE 33977",N,hours
1006,Robert Gibson,801-59-3887,"8209 Mendez Mountain
Waltonborough, AK 42470",Y,hours
1007,Timothy Glass,764-01-2683,"0431 Andrade Wells Suite 269
Port Brianna, NM 31818",N,miles
1008,John Lucas,437-18-3209,"USS Norris
FPO AA 33748",N,hours
1009,Nicholas Mendoza,648-06-4053,"7756 Manuel Groves
South Jerrymouth, LA 87745",Y,hours
